date,actual_crash_20d,ensemble_probability,ensemble_prediction,alert,sp500_close
2020-02-04,1.0,0.7900479554583137,1,1,3297.590087890625
2020-02-05,1.0,0.48561995638816724,1,1,3334.68994140625
2020-02-06,1.0,0.3684534776037247,1,1,3345.780029296875
2020-02-07,1.0,0.37797836345821834,1,1,3327.7099609375
2020-02-10,1.0,0.3413438484365341,1,1,3352.090087890625
2020-02-11,1.0,0.34573728878144344,1,1,3357.75
2020-02-12,1.0,0.3258910397635185,1,1,3379.449951171875
2020-02-13,1.0,0.3221306974920216,1,1,3373.93994140625
2020-02-14,1.0,0.30057042709793735,1,1,3380.159912109375
2020-02-18,1.0,0.3129015116928393,1,1,3370.2900390625
2020-02-19,1.0,0.31466062998086824,1,1,3386.14990234375
2020-02-20,1.0,0.35140228930813733,1,1,3373.22998046875
2020-02-21,1.0,0.39857941193513147,1,1,3337.75
2020-02-24,1.0,0.8457144836778017,1,1,3225.889892578125
2020-02-25,1.0,0.46086533150988207,1,1,3128.2099609375
2020-02-26,1.0,0.45072254414017854,1,1,3116.389892578125
2020-02-27,1.0,0.45119991174064394,1,1,2978.760009765625
2020-02-28,1.0,0.42749600078205624,1,1,2954.219970703125
2020-03-02,1.0,0.44213955659771564,1,1,3090.22998046875
2020-03-03,1.0,0.500150285965665,1,1,3003.3701171875
2020-03-04,1.0,0.45387470627137616,1,1,3130.1201171875
2020-03-05,1.0,0.4522896304886652,1,1,3023.93994140625
2020-03-06,1.0,0.4395529626861726,1,1,2972.3701171875
2020-03-09,1.0,0.4555362778466933,1,1,2746.56005859375
2020-03-10,1.0,0.47299243220736387,1,1,2882.22998046875
2020-03-11,1.0,0.45845335516417945,1,1,2741.3798828125
2020-03-12,1.0,0.4524438726077094,1,1,2480.639892578125
2020-03-13,1.0,0.47541099889913885,1,1,2711.02001953125
2020-03-16,1.0,0.45732090272722015,1,1,2386.1298828125
2020-03-17,0.0,0.5533949133384379,1,1,2529.18994140625
2020-03-18,0.0,0.5977538972024391,1,1,2398.10009765625
2020-03-19,0.0,0.5163126921536418,1,1,2409.389892578125
2020-03-20,0.0,0.459952268382368,1,1,2304.919921875
2020-03-23,0.0,0.43973019394843715,1,1,2237.39990234375
2020-03-24,0.0,0.44280385245850234,1,1,2447.330078125
2020-03-25,0.0,0.45896757710490477,1,1,2475.56005859375
2020-03-26,0.0,0.44869432301035694,1,1,2630.070068359375
2020-03-27,0.0,0.4696279292100828,1,1,2541.469970703125
2020-03-30,0.0,0.3993924356642089,1,1,2626.64990234375
2020-03-31,0.0,0.43996726647775,1,1,2584.590087890625
2020-04-01,0.0,0.25347168362450734,1,1,2470.5
2020-04-02,0.0,0.34954489349071943,1,1,2526.89990234375
2020-04-03,0.0,0.35410051298920764,1,1,2488.64990234375
2020-04-06,0.0,0.33841501488089376,1,1,2663.679931640625
2020-04-07,0.0,0.3258343081929371,1,1,2659.409912109375
2020-04-08,0.0,0.31197308528184475,1,1,2749.97998046875
2020-04-09,0.0,0.3140231549309567,1,1,2789.820068359375
2020-04-13,0.0,0.31135929037316445,1,1,2761.6298828125
2020-04-14,0.0,0.30612845064411226,1,1,2846.06005859375
2020-04-15,0.0,0.3197490226996494,1,1,2783.360107421875
2020-04-16,0.0,0.3107632444585101,1,1,2799.550048828125
2020-04-17,0.0,0.31483059086004217,1,1,2874.56005859375
2020-04-20,0.0,0.31817375238217904,1,1,2823.159912109375
2020-04-21,0.0,0.3772710067745484,1,1,2736.56005859375
2020-04-22,0.0,0.34349220844174,1,1,2799.31005859375
2020-04-23,0.0,0.3462293495738026,1,1,2797.800048828125
2020-04-24,0.0,0.3296499803889051,1,1,2836.739990234375
2020-04-27,0.0,0.30905026435120414,1,1,2878.47998046875
2020-04-28,0.0,0.2994208729655872,1,1,2863.389892578125
2020-04-29,0.0,0.27918220538470495,1,1,2939.510009765625
2020-04-30,0.0,0.3272255337050558,1,1,2912.429931640625
2020-05-01,0.0,0.37296501599722165,1,1,2830.7099609375
2020-05-04,0.0,0.35434077288642096,1,1,2842.739990234375
2020-05-05,0.0,0.31794060622569886,1,1,2868.43994140625
2020-05-06,0.0,0.31424685344489134,1,1,2848.419921875
2020-05-07,0.0,0.250725686758637,1,1,2881.18994140625
2020-05-08,0.0,0.23520824006197033,1,1,2929.800048828125
2020-05-11,0.0,0.24451268364666046,1,1,2930.18994140625
2020-05-12,0.0,0.24597555244902508,1,1,2870.1201171875
2020-05-13,0.0,0.28492084761470404,1,1,2820.0
2020-05-14,0.0,0.26853199184195564,1,1,2852.5
2020-05-15,1.0,0.249439817477026,1,1,2863.699951171875
2020-05-18,1.0,0.24240533110683676,1,1,2953.909912109375
2020-05-19,1.0,0.23374953007442803,1,1,2922.93994140625
2020-05-20,1.0,0.22845506071413535,1,1,2971.610107421875
2020-05-21,1.0,0.22594420028634357,1,1,2948.510009765625
2020-05-22,1.0,0.2366106103241205,1,1,2955.449951171875
2020-05-26,1.0,0.22019335732017897,1,1,2991.77001953125
2020-05-27,1.0,0.2148950255573625,1,1,3036.1298828125
2020-05-28,1.0,0.1922646754805844,1,1,3029.72998046875
2020-05-29,1.0,0.184885907384335,1,1,3044.31005859375
2020-06-01,1.0,0.1887099961654272,1,1,3055.72998046875
2020-06-02,1.0,0.1399198857828314,0,0,3080.820068359375
2020-06-03,1.0,0.10972079140424182,0,0,3122.8701171875
2020-06-04,1.0,0.12616797610459934,0,0,3112.35009765625
2020-06-05,1.0,0.1306659441644712,0,0,3193.929931640625
2020-06-08,1.0,0.11438194032326927,0,0,3232.389892578125
2020-06-09,0.0,0.1552201788943336,1,1,3207.179931640625
2020-06-10,0.0,0.18527304140245732,1,1,3190.139892578125
2020-06-11,0.0,0.31829035267081857,1,1,3002.10009765625
2020-06-12,0.0,0.3237838194164906,1,1,3041.31005859375
2020-06-15,0.0,0.2933109321847373,1,1,3066.590087890625
2020-06-16,0.0,0.25474713039330754,1,1,3124.739990234375
2020-06-17,0.0,0.2637703432863509,1,1,3113.489990234375
2020-06-18,0.0,0.18509789833241505,1,1,3115.340087890625
2020-06-19,0.0,0.24162146690786582,1,1,3097.739990234375
2020-06-22,0.0,0.22777672402424454,1,1,3117.860107421875
2020-06-23,0.0,0.20297766470324574,1,1,3131.2900390625
2020-06-24,0.0,0.32060348996623417,1,1,3050.330078125
2020-06-25,0.0,0.25548638050634004,1,1,3083.760009765625
2020-06-26,0.0,0.29323341551258914,1,1,3009.050048828125
2020-06-29,0.0,0.44741476668341584,1,1,3053.239990234375
2020-06-30,0.0,0.4169819431292207,1,1,3100.2900390625
2020-07-01,0.0,0.34046490068538793,1,1,3115.860107421875
2020-07-02,0.0,0.3172069097358583,1,1,3130.010009765625
2020-07-06,0.0,0.2338651475710808,1,1,3179.719970703125
2020-07-07,0.0,0.2960879142854171,1,1,3145.320068359375
2020-07-08,0.0,0.31062503483225756,1,1,3169.93994140625
2020-07-09,0.0,0.30665085171309314,1,1,3152.050048828125
2020-07-10,0.0,0.29344579508326285,1,1,3185.0400390625
2020-07-13,0.0,0.2810252531873261,1,1,3155.219970703125
2020-07-14,0.0,0.2712597595680405,1,1,3197.52001953125
2020-07-15,0.0,0.2736348281451261,1,1,3226.56005859375
2020-07-16,0.0,0.268120418181506,1,1,3215.570068359375
2020-07-17,0.0,0.24384910198131782,1,1,3224.72998046875
2020-07-20,0.0,0.20701186694880186,1,1,3251.840087890625
2020-07-21,0.0,0.19801805933081193,1,1,3257.300048828125
2020-07-22,0.0,0.19976208120822528,1,1,3276.02001953125
2020-07-23,0.0,0.2188069441679776,1,1,3235.659912109375
2020-07-24,0.0,0.24453956838221494,1,1,3215.6298828125
2020-07-27,0.0,0.2408213853962322,1,1,3239.409912109375
2020-07-28,0.0,0.2687549093741303,1,1,3218.43994140625
2020-07-29,0.0,0.26216844407252715,1,1,3258.43994140625
2020-07-30,0.0,0.2826287897198049,1,1,3246.219970703125
2020-07-31,0.0,0.2754975622065501,1,1,3271.1201171875
2020-08-03,0.0,0.27564713620992093,1,1,3294.610107421875
2020-08-04,0.0,0.2542970548847481,1,1,3306.510009765625
2020-08-05,0.0,0.24889998031994165,1,1,3327.77001953125
2020-08-06,0.0,0.2334873781355401,1,1,3349.159912109375
2020-08-07,0.0,0.24535417503561452,1,1,3351.280029296875
2020-08-10,0.0,0.24764274389631155,1,1,3360.469970703125
2020-08-11,0.0,0.27031522194215424,1,1,3333.68994140625
2020-08-12,1.0,0.2995458236016958,1,1,3380.35009765625
2020-08-13,1.0,0.2997774570883961,1,1,3373.429931640625
2020-08-14,1.0,0.33181883563321285,1,1,3372.85009765625
2020-08-17,1.0,0.2835017029895002,1,1,3381.989990234375
2020-08-18,1.0,0.26983628125087594,1,1,3389.780029296875
2020-08-19,1.0,0.25528156582725936,1,1,3374.85009765625
2020-08-20,1.0,0.2547803357398971,1,1,3385.510009765625
2020-08-21,1.0,0.24112851537983598,1,1,3397.159912109375
2020-08-24,1.0,0.2403356290839514,1,1,3431.280029296875
2020-08-25,1.0,0.2178278383343259,1,1,3443.6201171875
2020-08-26,1.0,0.20647544940888735,1,1,3478.72998046875
2020-08-27,1.0,0.19343091300473778,1,1,3484.550048828125
2020-08-28,1.0,0.1844225751132011,1,1,3508.010009765625
2020-08-31,1.0,0.19889763779050607,1,1,3500.31005859375
2020-09-01,1.0,0.21327204207616404,1,1,3526.64990234375
2020-09-02,1.0,0.15859727629236142,1,1,3580.840087890625
2020-09-03,0.0,0.25279203069871925,1,1,3455.06005859375
2020-09-04,0.0,0.2525473589880876,1,1,3426.9599609375
2020-09-08,0.0,0.34305498231990694,1,1,3331.840087890625
2020-09-09,0.0,0.3484742494985428,1,1,3398.9599609375
2020-09-10,0.0,0.34613006247185196,1,1,3339.18994140625
2020-09-11,0.0,0.3215205923826702,1,1,3340.969970703125
2020-09-14,0.0,0.3272448306535997,1,1,3383.5400390625
2020-09-15,0.0,0.29371147083661553,1,1,3401.199951171875
2020-09-16,0.0,0.30811994123138586,1,1,3385.489990234375
2020-09-17,0.0,0.29998609781935215,1,1,3357.010009765625
2020-09-18,0.0,0.32219526964329936,1,1,3319.469970703125
2020-09-21,0.0,0.31658699845732846,1,1,3281.06005859375
2020-09-22,0.0,0.3364958832845047,1,1,3315.570068359375
2020-09-23,0.0,0.35631409797113067,1,1,3236.919921875
2020-09-24,0.0,0.35722037696599923,1,1,3246.590087890625
2020-09-25,0.0,0.34574486796663706,1,1,3298.4599609375
2020-09-28,0.0,0.3310803473333705,1,1,3351.60009765625
2020-09-29,0.0,0.32362569013860104,1,1,3335.469970703125
2020-09-30,0.0,0.3219063984651931,1,1,3363.0
2020-10-01,0.0,0.31411114117508887,1,1,3380.800048828125
2020-10-02,1.0,0.31622201315245974,1,1,3348.419921875
2020-10-05,1.0,0.2923954393500687,1,1,3408.60009765625
2020-10-06,1.0,0.3014590280356592,1,1,3360.969970703125
2020-10-07,1.0,0.2846794173758142,1,1,3419.43994140625
2020-10-08,1.0,0.2774810641511128,1,1,3446.830078125
2020-10-09,1.0,0.2708115600266254,1,1,3477.139892578125
2020-10-12,1.0,0.2719565542152872,1,1,3534.219970703125
2020-10-13,1.0,0.26058351471176366,1,1,3511.929931640625
2020-10-14,1.0,0.2799292208765743,1,1,3488.669921875
2020-10-15,1.0,0.3374038890155816,1,1,3483.340087890625
2020-10-16,1.0,0.35275047220859096,1,1,3483.81005859375
2020-10-19,1.0,0.30065764963476876,1,1,3426.919921875
2020-10-20,1.0,0.2909574375087911,1,1,3443.1201171875
2020-10-21,1.0,0.3077194621178672,1,1,3435.56005859375
2020-10-22,1.0,0.2921896468609715,1,1,3453.489990234375
2020-10-23,1.0,0.3169209613395544,1,1,3465.389892578125
2020-10-26,0.0,0.3786571594241258,1,1,3400.969970703125
2020-10-27,0.0,0.37619006543276956,1,1,3390.679931640625
2020-10-28,0.0,0.39965372537670113,1,1,3271.030029296875
2020-10-29,0.0,0.3812843068569621,1,1,3310.110107421875
2020-10-30,0.0,0.3784689082017014,1,1,3269.9599609375
2020-11-02,0.0,0.34921889782177695,1,1,3310.239990234375
2020-11-03,0.0,0.34469547089213504,1,1,3369.159912109375
2020-11-04,0.0,0.27178280476339534,1,1,3443.43994140625
2020-11-05,0.0,0.25922023115916576,1,1,3510.449951171875
2020-11-06,0.0,0.2445988961772303,1,1,3509.43994140625
2020-11-09,0.0,0.21965199348541958,1,1,3550.5
2020-11-10,0.0,0.23005580056084418,1,1,3545.530029296875
2020-11-11,0.0,0.22536257073583205,1,1,3572.659912109375
2020-11-12,0.0,0.2608691574255447,1,1,3537.010009765625
2020-11-13,0.0,0.24319799592428687,1,1,3585.14990234375
2020-11-16,0.0,0.24646228659660513,1,1,3626.909912109375
2020-11-17,0.0,0.2494688094590275,1,1,3609.530029296875
2020-11-18,0.0,0.2694637061507841,1,1,3567.7900390625
2020-11-19,0.0,0.26173321787787707,1,1,3581.8701171875
2020-11-20,0.0,0.28850589761291134,1,1,3557.5400390625
2020-11-23,0.0,0.28060701368368773,1,1,3577.590087890625
2020-11-24,0.0,0.26290593952130203,1,1,3635.409912109375
2020-11-25,0.0,0.2732107873632887,1,1,3629.64990234375
2020-11-27,0.0,0.2682604028383142,1,1,3638.35009765625
2020-11-30,0.0,0.266044317598642,1,1,3621.6298828125
2020-12-01,0.0,0.2183563083877928,1,1,3662.449951171875
2020-12-02,0.0,0.1894406033551677,1,1,3669.010009765625
2020-12-03,0.0,0.18549725645987555,1,1,3666.719970703125
2020-12-04,0.0,0.18209399639928292,1,1,3699.1201171875
2020-12-07,0.0,0.17722218187538713,1,1,3691.9599609375
2020-12-08,0.0,0.17043826813665441,1,1,3702.25
2020-12-09,0.0,0.19703480823582312,1,1,3672.820068359375
2020-12-10,0.0,0.19975080770676318,1,1,3668.10009765625
2020-12-11,0.0,0.22104017498726436,1,1,3663.4599609375
2020-12-14,0.0,0.21959373023365228,1,1,3647.489990234375
2020-12-15,0.0,0.23859289934986005,1,1,3694.6201171875
2020-12-16,0.0,0.2135217087859234,1,1,3701.169921875
2020-12-17,0.0,0.20122565373928847,1,1,3722.47998046875
2020-12-18,0.0,0.20206602268287713,1,1,3709.409912109375
2020-12-21,0.0,0.20313136164177215,1,1,3694.919921875
2020-12-22,0.0,0.20238011128872527,1,1,3687.260009765625
2020-12-23,0.0,0.1788086787481777,1,1,3690.010009765625
2020-12-24,0.0,0.16786472314558717,1,1,3703.06005859375
2020-12-28,0.0,0.17205815346979447,1,1,3735.360107421875
2020-12-29,0.0,0.1509566663257603,1,1,3727.0400390625
2020-12-30,0.0,0.21210296955028338,1,1,3732.0400390625
2020-12-31,0.0,0.21723725120720014,1,1,3756.070068359375
2021-01-04,0.0,0.30709584245559757,1,1,3700.64990234375
2021-01-05,0.0,0.2846496271667387,1,1,3726.860107421875
2021-01-06,0.0,0.2782308213610246,1,1,3748.139892578125
2021-01-07,0.0,0.27159325462065653,1,1,3803.7900390625
2021-01-08,0.0,0.25024193316035503,1,1,3824.679931640625
2021-01-11,0.0,0.23739553634650334,1,1,3799.610107421875
2021-01-12,0.0,0.24941894842803716,1,1,3801.18994140625
2021-01-13,0.0,0.23869331459114299,1,1,3809.840087890625
2021-01-14,0.0,0.23165818797682464,1,1,3795.5400390625
2021-01-15,0.0,0.24311804255513325,1,1,3768.25
2021-01-19,0.0,0.22773954703351834,1,1,3798.909912109375
2021-01-20,0.0,0.240158676212804,1,1,3851.85009765625
2021-01-21,0.0,0.24696703651986338,1,1,3853.070068359375
2021-01-22,0.0,0.24966305534262434,1,1,3841.469970703125
2021-01-25,0.0,0.2424581416318638,1,1,3855.360107421875
2021-01-26,0.0,0.24211699829207928,1,1,3849.6201171875
2021-01-27,0.0,0.34452267820356136,1,1,3750.77001953125
2021-01-28,0.0,0.33010400274046736,1,1,3787.3798828125
2021-01-29,0.0,0.33681442229313635,1,1,3714.239990234375
2021-02-01,0.0,0.32909843691163476,1,1,3773.860107421875
2021-02-02,0.0,0.30155306440304663,1,1,3826.31005859375
2021-02-03,0.0,0.21927278380583154,1,1,3830.169921875
2021-02-04,0.0,0.21987141038914357,1,1,3871.739990234375
2021-02-05,0.0,0.16589729549747995,1,1,3886.830078125
2021-02-08,0.0,0.15927015802929842,1,1,3915.590087890625
2021-02-09,0.0,0.18379207211615173,1,1,3911.22998046875
2021-02-10,0.0,0.18335620735022046,1,1,3909.8798828125
2021-02-11,0.0,0.17999317679168897,1,1,3916.3798828125
2021-02-12,0.0,0.17208947693095264,1,1,3934.830078125
2021-02-16,0.0,0.17721047043535204,1,1,3932.590087890625
2021-02-17,0.0,0.19271132888667686,1,1,3931.330078125
2021-02-18,0.0,0.19515578580317158,1,1,3913.969970703125
2021-02-19,0.0,0.18709599979321778,1,1,3906.7099609375
2021-02-22,0.0,0.23057546187270495,1,1,3876.5
2021-02-23,0.0,0.2287120371209211,1,1,3881.3701171875
2021-02-24,0.0,0.21843448646940647,1,1,3925.429931640625
2021-02-25,0.0,0.28032539259577105,1,1,3829.340087890625
2021-02-26,0.0,0.30488654315048536,1,1,3811.14990234375
2021-03-01,0.0,0.20961509010033186,1,1,3901.820068359375
2021-03-02,0.0,0.3203823694866927,1,1,3870.2900390625
2021-03-03,0.0,0.32216766044700873,1,1,3819.719970703125
2021-03-04,0.0,0.29801784475736015,1,1,3768.469970703125
2021-03-05,0.0,0.2944884157896742,1,1,3841.93994140625
2021-03-08,0.0,0.3051248179949191,1,1,3821.35009765625
2021-03-09,0.0,0.28554403888213775,1,1,3875.43994140625
2021-03-10,0.0,0.2769425624817983,1,1,3898.81005859375
2021-03-11,0.0,0.22094494781903712,1,1,3939.340087890625
2021-03-12,0.0,0.20086143594754047,1,1,3943.340087890625
2021-03-15,0.0,0.1931891287518651,1,1,3968.93994140625
2021-03-16,0.0,0.18638316171230013,1,1,3962.7099609375
2021-03-17,0.0,0.19720964834647803,1,1,3974.1201171875
2021-03-18,0.0,0.24210399900700788,1,1,3915.4599609375
2021-03-19,0.0,0.2417469178700143,1,1,3913.10009765625
2021-03-22,0.0,0.22505071760015322,1,1,3940.590087890625
2021-03-23,0.0,0.24717296133430303,1,1,3910.52001953125
2021-03-24,0.0,0.24961278558429142,1,1,3889.139892578125
2021-03-25,0.0,0.21515730057229643,1,1,3909.52001953125
2021-03-26,0.0,0.21912639941269904,1,1,3974.5400390625
2021-03-29,0.0,0.2642269729274845,1,1,3971.090087890625
2021-03-30,0.0,0.2535975061804734,1,1,3958.550048828125
2021-03-31,0.0,0.2357729699675624,1,1,3972.889892578125
2021-04-01,0.0,0.17013754490233618,1,1,4019.8701171875
2021-04-05,0.0,0.1602274267550994,1,1,4077.909912109375
2021-04-06,0.0,0.15601657906691932,1,1,4073.93994140625
2021-04-07,0.0,0.13925602934392622,0,0,4079.949951171875
2021-04-08,0.0,0.1367024525042274,0,0,4097.169921875
2021-04-09,0.0,0.14176351568557155,0,0,4128.7998046875
2021-04-12,0.0,0.1370044874870702,0,0,4127.990234375
2021-04-13,0.0,0.13501212386601397,0,0,4141.58984375
2021-04-14,0.0,0.14434245649105765,0,0,4124.66015625
2021-04-15,0.0,0.1529289538256419,1,1,4170.419921875
2021-04-16,0.0,0.1428735026130342,0,0,4185.47021484375
2021-04-19,0.0,0.17333834360403755,1,1,4163.259765625
2021-04-20,0.0,0.1931030671243926,1,1,4134.93994140625
2021-04-21,0.0,0.1915793920347746,1,1,4173.419921875
2021-04-22,0.0,0.20086090453228495,1,1,4134.97998046875
2021-04-23,0.0,0.1967879332633731,1,1,4180.169921875
2021-04-26,0.0,0.18512422155244895,1,1,4187.6201171875
2021-04-27,0.0,0.1685486578815068,1,1,4186.72021484375
2021-04-28,0.0,0.16001928674718452,1,1,4183.18017578125
2021-04-29,0.0,0.14908310730192242,0,0,4211.47021484375
2021-04-30,0.0,0.22894286245707834,1,1,4181.169921875
2021-05-03,0.0,0.2157863849343878,1,1,4192.66015625
2021-05-04,0.0,0.23114361706141592,1,1,4164.66015625
2021-05-05,0.0,0.23243086194969165,1,1,4167.58984375
2021-05-06,0.0,0.22403924355626714,1,1,4201.6201171875
2021-05-07,0.0,0.19743057139303535,1,1,4232.60009765625
2021-05-10,0.0,0.2471260846413296,1,1,4188.43017578125
2021-05-11,0.0,0.2808725859694525,1,1,4152.10009765625
2021-05-12,0.0,0.3288440942779678,1,1,4063.0400390625
2021-05-13,0.0,0.35545937087556917,1,1,4112.5
2021-05-14,0.0,0.29112970500993285,1,1,4173.85009765625
2021-05-17,0.0,0.27853222949331297,1,1,4163.2900390625
2021-05-18,0.0,0.28800544724351695,1,1,4127.830078125
2021-05-19,0.0,0.2777239680333554,1,1,4115.68017578125
2021-05-20,0.0,0.27668425566987653,1,1,4159.1201171875
2021-05-21,0.0,0.25632334728114176,1,1,4155.85986328125
2021-05-24,0.0,0.2494609372271737,1,1,4197.0498046875
2021-05-25,0.0,0.22603172761077484,1,1,4188.1298828125
2021-05-26,0.0,0.19748645734791026,1,1,4195.990234375
2021-05-27,0.0,0.18895244602977254,1,1,4200.8798828125
2021-05-28,0.0,0.2073406771059069,1,1,4204.10986328125
2021-06-01,0.0,0.08902932026746857,0,0,4202.0400390625
2021-06-02,0.0,0.07892957749043747,0,0,4208.1201171875
2021-06-03,0.0,0.09074774482813766,0,0,4192.85009765625
2021-06-04,0.0,0.09001343050920838,0,0,4229.89013671875
2021-06-07,0.0,0.09024058516787628,0,0,4226.52001953125
2021-06-08,0.0,0.09683060370765553,0,0,4227.259765625
2021-06-09,0.0,0.10661028363736166,0,0,4219.5498046875
2021-06-10,0.0,0.0860685940845436,0,0,4239.18017578125
2021-06-11,0.0,0.08578613162209159,0,0,4247.43994140625
2021-06-14,0.0,0.07955200848029129,0,0,4255.14990234375
2021-06-15,0.0,0.08392855459868487,0,0,4246.58984375
2021-06-16,0.0,0.08013318352560023,0,0,4223.7001953125
2021-06-17,0.0,0.08649669966587764,0,0,4221.85986328125
2021-06-18,0.0,0.11935363741897972,0,0,4166.4501953125
2021-06-21,0.0,0.11380937652748851,0,0,4224.7900390625
2021-06-22,0.0,0.10494981873821005,0,0,4246.43994140625
2021-06-23,0.0,0.09827667143532981,0,0,4241.83984375
2021-06-24,0.0,0.09036119918915787,0,0,4266.490234375
2021-06-25,0.0,0.06950089692355758,0,0,4280.7001953125
2021-06-28,0.0,0.06971715870533543,0,0,4290.60986328125
2021-06-29,0.0,0.19651771961889697,1,1,4291.7998046875
2021-06-30,0.0,0.1959103216556364,1,1,4297.5
2021-07-01,0.0,0.1707345555840088,1,1,4319.93994140625
2021-07-02,0.0,0.1464405847751429,0,0,4352.33984375
2021-07-06,0.0,0.1863827616840591,1,1,4343.5400390625
2021-07-07,0.0,0.18102578843381215,1,1,4358.1298828125
2021-07-08,0.0,0.2300572412405531,1,1,4320.81982421875
2021-07-09,0.0,0.20727979100547989,1,1,4369.5498046875
2021-07-12,0.0,0.20670619555265884,1,1,4384.6298828125
2021-07-13,0.0,0.21075569671238548,1,1,4369.2099609375
2021-07-14,0.0,0.20430488306713562,1,1,4374.2998046875
2021-07-15,0.0,0.19333151287717215,1,1,4360.02978515625
2021-07-16,0.0,0.2288118941190062,1,1,4327.16015625
2021-07-19,0.0,0.3897423414425676,1,1,4258.490234375
2021-07-20,0.0,0.38107001006385277,1,1,4323.06005859375
2021-07-21,0.0,0.27580276391136993,1,1,4358.68994140625
2021-07-22,0.0,0.2505664020371231,1,1,4367.47998046875
2021-07-23,0.0,0.22658206285370586,1,1,4411.7900390625
2021-07-26,0.0,0.1756389692603917,1,1,4422.2998046875
2021-07-27,0.0,0.21077255843541756,1,1,4401.4599609375
2021-07-28,0.0,0.2199355426284328,1,1,4400.64013671875
2021-07-29,0.0,0.20923808562095977,1,1,4419.14990234375
2021-07-30,0.0,0.24720802088626193,1,1,4395.259765625
2021-08-02,0.0,0.26195564566071794,1,1,4387.16015625
2021-08-03,0.0,0.26339441873063707,1,1,4423.14990234375
2021-08-04,0.0,0.27265499219833855,1,1,4402.66015625
2021-08-05,0.0,0.24282736280125677,1,1,4429.10009765625
2021-08-06,0.0,0.23364907939154456,1,1,4436.52001953125
2021-08-09,0.0,0.2328265745483649,1,1,4432.35009765625
2021-08-10,0.0,0.22081536184957268,1,1,4436.75
2021-08-11,0.0,0.2153633917787905,1,1,4442.41015625
2021-08-12,0.0,0.20577669882101235,1,1,4460.830078125
2021-08-13,0.0,0.20572188276392478,1,1,4468.0
2021-08-16,0.0,0.2097925044560426,1,1,4479.7099609375
2021-08-17,0.0,0.2386517995835135,1,1,4448.080078125
2021-08-18,0.0,0.2688244703640485,1,1,4400.27001953125
2021-08-19,0.0,0.29127866323425144,1,1,4405.7998046875
2021-08-20,0.0,0.26568548035040557,1,1,4441.669921875
2021-08-23,0.0,0.24488802350570665,1,1,4479.52978515625
2021-08-24,0.0,0.22209376139861545,1,1,4486.22998046875
2021-08-25,0.0,0.19113303829576894,1,1,4496.18994140625
2021-08-26,0.0,0.20884693880987598,1,1,4470.0
2021-08-27,0.0,0.21488297035592427,1,1,4509.3701171875
2021-08-30,0.0,0.21534067508592408,1,1,4528.7900390625
2021-08-31,0.0,0.21958665479043354,1,1,4522.68017578125
2021-09-01,0.0,0.1588171245350765,1,1,4524.08984375
2021-09-02,0.0,0.12493399906466335,0,0,4536.9501953125
2021-09-03,0.0,0.12730023672783314,0,0,4535.43017578125
2021-09-07,0.0,0.15380320319090707,1,1,4520.02978515625
2021-09-08,0.0,0.15575826089993644,1,1,4514.06982421875
2021-09-09,0.0,0.1700379670396625,1,1,4493.27978515625
2021-09-10,0.0,0.17920288008597635,1,1,4458.580078125
2021-09-13,0.0,0.16790120988217305,1,1,4468.72998046875
2021-09-14,0.0,0.1593099064517688,1,1,4443.0498046875
2021-09-15,0.0,0.16451333800866422,1,1,4480.7001953125
2021-09-16,0.0,0.16045716586401437,1,1,4473.75
2021-09-17,0.0,0.16413394151334593,1,1,4432.990234375
2021-09-20,0.0,0.22145534472903067,1,1,4357.72998046875
2021-09-21,0.0,0.21817984581681155,1,1,4354.18994140625
2021-09-22,0.0,0.21038011263523437,1,1,4395.64013671875
2021-09-23,0.0,0.19812786685857842,1,1,4448.97998046875
2021-09-24,0.0,0.1735399797382879,1,1,4455.47998046875
2021-09-27,0.0,0.13544208569283833,0,0,4443.10986328125
2021-09-28,0.0,0.20281521158475116,1,1,4352.6298828125
2021-09-29,0.0,0.2138865856301635,1,1,4359.4599609375
2021-09-30,0.0,0.28577394628884456,1,1,4307.5400390625
2021-10-01,0.0,0.21176710491302914,1,1,4357.0400390625
2021-10-04,0.0,0.20978116538372224,1,1,4300.4599609375
2021-10-05,0.0,0.14132431458846123,0,0,4345.72021484375
2021-10-06,0.0,0.1705508795591481,1,1,4363.5498046875
2021-10-07,0.0,0.14997192210645774,0,0,4399.759765625
2021-10-08,0.0,0.15760871196500528,1,1,4391.33984375
2021-10-11,0.0,0.1440711181301465,0,0,4361.18994140625
2021-10-12,0.0,0.1359815904656012,0,0,4350.64990234375
2021-10-13,0.0,0.11597024680612347,0,0,4363.7998046875
2021-10-14,0.0,0.12488034220751676,0,0,4438.259765625
2021-10-15,0.0,0.13168203202854287,0,0,4471.3701171875
2021-10-18,0.0,0.11982998189599925,0,0,4486.4599609375
2021-10-19,0.0,0.11005393641452671,0,0,4519.6298828125
2021-10-20,0.0,0.11711547006890528,0,0,4536.18994140625
2021-10-21,0.0,0.09923245961040253,0,0,4549.77978515625
2021-10-22,0.0,0.11066927277719904,0,0,4544.89990234375
2021-10-25,0.0,0.10534560735028722,0,0,4566.47998046875
2021-10-26,0.0,0.10395467986063345,0,0,4574.7900390625
2021-10-27,0.0,0.11467039597112849,0,0,4551.68017578125
2021-10-28,0.0,0.12807398081633226,0,0,4596.419921875
2021-10-29,0.0,0.2041566272329079,1,1,4605.3798828125
2021-11-01,0.0,0.155300864442444,1,1,4613.669921875
2021-11-02,0.0,0.14005207159968383,0,0,4630.64990234375
2021-11-03,0.0,0.11828188515228434,0,0,4660.56982421875
2021-11-04,0.0,0.10460303704599505,0,0,4680.06005859375
2021-11-05,0.0,0.10991311203319826,0,0,4697.52978515625
2021-11-08,0.0,0.10610288862792641,0,0,4701.7001953125
2021-11-09,0.0,0.1251459822863278,0,0,4685.25
2021-11-10,0.0,0.1467765119276049,0,0,4646.7099609375
2021-11-11,0.0,0.13232377251750724,0,0,4649.27001953125
2021-11-12,0.0,0.11809658314053903,0,0,4682.85009765625
2021-11-15,0.0,0.11485919679394022,0,0,4682.7998046875
2021-11-16,0.0,0.11582060116463905,0,0,4700.89990234375
2021-11-17,0.0,0.10997106454689407,0,0,4688.669921875
2021-11-18,0.0,0.11574958492776055,0,0,4704.5400390625
2021-11-19,0.0,0.128844060425476,0,0,4697.9599609375
2021-11-22,0.0,0.13647228312700596,0,0,4682.93994140625
2021-11-23,0.0,0.14702026936984472,0,0,4690.7001953125
2021-11-24,0.0,0.1354209000736528,0,0,4701.4599609375
2021-11-26,0.0,0.2930007385487603,1,1,4594.6201171875
2021-11-29,0.0,0.35149541505772597,1,1,4655.27001953125
2021-11-30,0.0,0.6508415068774683,1,1,4567.0
2021-12-01,0.0,0.3444500509437703,1,1,4513.0400390625
2021-12-02,0.0,0.44095866108144255,1,1,4577.10009765625
2021-12-03,0.0,0.3003481994765137,1,1,4538.43017578125
2021-12-06,0.0,0.28778004739637364,1,1,4591.669921875
2021-12-07,0.0,0.19198632112220015,1,1,4686.75
2021-12-08,0.0,0.14725933333889737,0,0,4701.2099609375
2021-12-09,0.0,0.19805903952237175,1,1,4667.4501953125
2021-12-10,0.0,0.13482317705251518,0,0,4712.02001953125
2021-12-13,0.0,0.1795340179995054,1,1,4668.97021484375
2021-12-14,0.0,0.19836533824535535,1,1,4634.08984375
2021-12-15,0.0,0.1952325738791404,1,1,4709.85009765625
2021-12-16,0.0,0.2125987217478923,1,1,4668.669921875
2021-12-17,0.0,0.24462204095460316,1,1,4620.64013671875
2021-12-20,0.0,0.2719675197698529,1,1,4568.02001953125
2021-12-21,1.0,0.24349767039110903,1,1,4649.22998046875
2021-12-22,1.0,0.23326810954823424,1,1,4696.56005859375
2021-12-23,1.0,0.2032139478231224,1,1,4725.7900390625
2021-12-27,1.0,0.1740126600902165,1,1,4791.18994140625
2021-12-28,1.0,0.1416003812250917,0,0,4786.35009765625
2021-12-29,1.0,0.12307896002071353,0,0,4793.06005859375
2021-12-30,1.0,0.21689346010684424,1,1,4778.72998046875
2021-12-31,1.0,0.21961586549975884,1,1,4766.18017578125
2022-01-03,1.0,0.18803203925269613,1,1,4796.56005859375
2022-01-04,1.0,0.19328565922957028,1,1,4793.5400390625
2022-01-05,1.0,0.2600499326176657,1,1,4700.580078125
2022-01-06,1.0,0.2716666018862888,1,1,4696.0498046875
2022-01-07,1.0,0.2896560556983506,1,1,4677.02978515625
2022-01-10,1.0,0.3201976732959282,1,1,4670.2900390625
2022-01-11,1.0,0.2878615807275631,1,1,4713.06982421875
2022-01-12,1.0,0.22905644144860843,1,1,4726.35009765625
2022-01-13,1.0,0.266236277201885,1,1,4659.02978515625
2022-01-14,1.0,0.2583505494831077,1,1,4662.85009765625
2022-01-18,0.0,0.3065268982226297,1,1,4577.10986328125
2022-01-19,0.0,0.30717548960622937,1,1,4532.759765625
2022-01-20,0.0,0.2793564040950383,1,1,4482.72998046875
2022-01-21,0.0,0.3287281154176999,1,1,4397.93994140625
2022-01-24,0.0,0.3627054669637735,1,1,4410.1298828125
2022-01-25,1.0,0.31319646399202816,1,1,4356.4501953125
2022-01-26,1.0,0.3259800501677447,1,1,4349.93017578125
2022-01-27,1.0,0.3559121911099949,1,1,4326.509765625
2022-01-28,1.0,0.34958947348983527,1,1,4431.85009765625
2022-01-31,1.0,0.3689179431232415,1,1,4515.5498046875
2022-02-01,1.0,0.14740567815382524,0,0,4546.5400390625
2022-02-02,1.0,0.1252058676533138,0,0,4589.3798828125
2022-02-03,1.0,0.17483820795588323,1,1,4477.43994140625
2022-02-04,1.0,0.16193206444356645,1,1,4500.52978515625
2022-02-07,1.0,0.1714017524945885,1,1,4483.8701171875
2022-02-08,1.0,0.17586975518993006,1,1,4521.5400390625
2022-02-09,1.0,0.16014943740048598,1,1,4587.18017578125
2022-02-10,1.0,0.18617800421891922,1,1,4504.080078125
2022-02-11,1.0,0.25704201711834923,1,1,4418.64013671875
2022-02-14,1.0,0.25867356039551825,1,1,4401.669921875
2022-02-15,1.0,0.26171336955680125,1,1,4471.06982421875
2022-02-16,0.0,0.2630953071565102,1,1,4475.009765625
2022-02-17,0.0,0.24525611228560446,1,1,4380.259765625
2022-02-18,0.0,0.2217858661242475,1,1,4348.8701171875
2022-02-22,0.0,0.21452788373780993,1,1,4304.759765625
2022-02-23,0.0,0.21702617673034375,1,1,4225.5
2022-02-24,0.0,0.26452747985737707,1,1,4288.7001953125
2022-02-25,0.0,0.2170645196323816,1,1,4384.64990234375
2022-02-28,0.0,0.22308271006187896,1,1,4373.93994140625
2022-03-01,0.0,0.17097588663640179,1,1,4306.259765625
2022-03-02,0.0,0.2135857885328336,1,1,4386.5400390625
2022-03-03,0.0,0.22213302937419566,1,1,4363.490234375
2022-03-04,0.0,0.2845482519441031,1,1,4328.8701171875
2022-03-07,0.0,0.32957990796095626,1,1,4201.08984375
2022-03-08,0.0,0.2654933300628739,1,1,4170.7001953125
2022-03-09,0.0,0.25165844106146174,1,1,4277.8798828125
2022-03-10,0.0,0.2614231523689642,1,1,4259.52001953125
2022-03-11,0.0,0.2649705409879322,1,1,4204.31005859375
2022-03-14,0.0,0.2554887804168111,1,1,4173.10986328125
2022-03-15,0.0,0.26297206674790885,1,1,4262.4501953125
2022-03-16,0.0,0.25073929615656954,1,1,4357.85986328125
2022-03-17,0.0,0.21300179310838624,1,1,4411.669921875
2022-03-18,0.0,0.19311015393709494,1,1,4463.1201171875
2022-03-21,0.0,0.16415595653208082,1,1,4461.18017578125
2022-03-22,0.0,0.15444058590740126,1,1,4511.60986328125
2022-03-23,0.0,0.19575330916560074,1,1,4456.240234375
2022-03-24,0.0,0.18678844299387404,1,1,4520.16015625
2022-03-25,0.0,0.16875659352529843,1,1,4543.06005859375
2022-03-28,1.0,0.16762999549690283,1,1,4575.52001953125
2022-03-29,1.0,0.37500464999050054,1,1,4631.60009765625
2022-03-30,1.0,0.3937714485234224,1,1,4602.4501953125
2022-03-31,1.0,0.4416722191805863,1,1,4530.41015625
2022-04-01,1.0,0.35800685509146757,1,1,4545.85986328125
2022-04-04,1.0,0.3550947683903018,1,1,4582.64013671875
2022-04-05,1.0,0.4228391675760308,1,1,4525.1201171875
2022-04-06,1.0,0.6223181039144108,1,1,4481.14990234375
2022-04-07,1.0,0.656189262697863,1,1,4500.2099609375
2022-04-08,1.0,0.6518998747178735,1,1,4488.27978515625
2022-04-11,1.0,0.7429175763596303,1,1,4412.52978515625
2022-04-12,1.0,0.7116467392716068,1,1,4397.4501953125
2022-04-13,1.0,0.7117907859545428,1,1,4446.58984375
2022-04-14,1.0,0.7203685975786772,1,1,4392.58984375
2022-04-18,1.0,0.710576562853515,1,1,4391.68994140625
2022-04-19,1.0,0.5456443311302345,1,1,4462.2099609375
2022-04-20,1.0,0.5199039687125319,1,1,4459.4501953125
2022-04-21,1.0,0.5418469021023096,1,1,4393.66015625
2022-04-22,1.0,0.730842589358566,1,1,4271.77978515625
2022-04-25,1.0,0.7278135643410268,1,1,4296.1201171875
2022-04-26,1.0,0.764669566369609,1,1,4175.2001953125
2022-04-27,1.0,0.7811524894486428,1,1,4183.9599609375
2022-04-28,1.0,0.7874279293846287,1,1,4287.5
2022-04-29,1.0,0.7732439502278071,1,1,4131.93017578125
2022-05-02,1.0,0.8041470013887727,1,1,4155.3798828125
2022-05-03,1.0,0.7475387789108741,1,1,4175.47998046875
2022-05-04,1.0,0.7561676170178059,1,1,4300.169921875
2022-05-05,1.0,0.8087980636362154,1,1,4146.8701171875
2022-05-06,0.0,0.7656185213812816,1,1,4123.33984375
2022-05-09,0.0,0.7516862307901199,1,1,3991.239990234375
2022-05-10,0.0,0.7482222170218724,1,1,4001.050048828125
2022-05-11,0.0,0.7419775604279054,1,1,3935.179931640625
2022-05-12,1.0,0.7525830681180925,1,1,3930.080078125
2022-05-13,1.0,0.7784958997463255,1,1,4023.889892578125
2022-05-16,1.0,0.7404271732729539,1,1,4008.010009765625
2022-05-17,1.0,0.7675268127851921,1,1,4088.85009765625
2022-05-18,1.0,0.75997526078562,1,1,3923.679931640625
2022-05-19,1.0,0.7822029340034271,1,1,3900.7900390625
2022-05-20,1.0,0.8000542351228028,1,1,3901.360107421875
2022-05-23,1.0,0.8006611160872269,1,1,3973.75
2022-05-24,1.0,0.7629936095571979,1,1,3941.47998046875
2022-05-25,1.0,0.6287539045637296,1,1,3978.72998046875
2022-05-26,1.0,0.5217859184919058,1,1,4057.840087890625
2022-05-27,1.0,0.4651816531442888,1,1,4158.240234375
2022-05-31,1.0,0.4761326667656587,1,1,4132.14990234375
2022-06-01,1.0,0.14209376736607157,0,0,4101.22998046875
2022-06-02,1.0,0.10507898297465719,0,0,4176.81982421875
2022-06-03,1.0,0.11661014524209273,0,0,4108.5400390625
2022-06-06,1.0,0.10154715603324051,0,0,4121.43017578125
2022-06-07,1.0,0.1206815556690044,0,0,4160.68017578125
2022-06-08,1.0,0.13208898814718475,0,0,4115.77001953125
2022-06-09,1.0,0.13628297192665922,0,0,4017.820068359375
2022-06-10,1.0,0.18197178734283642,1,1,3900.860107421875
2022-06-13,0.0,0.2699646800008453,1,1,3749.6298828125
2022-06-14,0.0,0.2589544251786661,1,1,3735.47998046875
2022-06-15,0.0,0.2543681805061673,1,1,3789.989990234375
2022-06-16,0.0,0.2591834912102316,1,1,3666.77001953125
2022-06-17,0.0,0.23400576970374676,1,1,3674.840087890625
2022-06-21,0.0,0.21170720799833848,1,1,3764.7900390625
2022-06-22,0.0,0.21885077670300504,1,1,3759.889892578125
2022-06-23,0.0,0.20834414437943582,1,1,3795.72998046875
2022-06-24,0.0,0.1606063928805242,1,1,3911.739990234375
2022-06-27,0.0,0.1466067333897959,0,0,3900.110107421875
2022-06-28,0.0,0.15797226799885528,1,1,3821.550048828125
2022-06-29,0.0,0.1720973353227883,1,1,3818.830078125
2022-06-30,0.0,0.7743861702271715,1,1,3785.3798828125
2022-07-01,0.0,0.5347626507794647,1,1,3825.330078125
2022-07-05,0.0,0.5411151045970266,1,1,3831.389892578125
2022-07-06,0.0,0.41079800985209447,1,1,3845.080078125
2022-07-07,0.0,0.5101349034939897,1,1,3902.6201171875
2022-07-08,0.0,0.3748125091526362,1,1,3899.3798828125
2022-07-11,0.0,0.4894540820690526,1,1,3854.429931640625
2022-07-12,0.0,0.4963097779402612,1,1,3818.800048828125
2022-07-13,0.0,0.4863427507547323,1,1,3801.780029296875
2022-07-14,0.0,0.39827131728324994,1,1,3790.3798828125
2022-07-15,0.0,0.46306798193170406,1,1,3863.159912109375
2022-07-18,0.0,0.4485404658083393,1,1,3830.85009765625
2022-07-19,0.0,0.4341743933217518,1,1,3936.68994140625
2022-07-20,0.0,0.3744367788493985,1,1,3959.89990234375
2022-07-21,0.0,0.37724290434168684,1,1,3998.949951171875
2022-07-22,0.0,0.3863224796864485,1,1,3961.6298828125
2022-07-25,0.0,0.37783168500756326,1,1,3966.840087890625
2022-07-26,0.0,0.4653377506209068,1,1,3921.050048828125
2022-07-27,0.0,0.46183880385339404,1,1,4023.610107421875
2022-07-28,0.0,0.3920663168381866,1,1,4072.429931640625
2022-07-29,0.0,0.3629944767428508,1,1,4130.2900390625
2022-08-01,0.0,0.3464314520495397,1,1,4118.6298828125
2022-08-02,0.0,0.3381895467961461,1,1,4091.18994140625
2022-08-03,0.0,0.3127780522588511,1,1,4155.169921875
2022-08-04,1.0,0.32731562177641926,1,1,4151.93994140625
2022-08-05,1.0,0.32013877971074484,1,1,4145.18994140625
2022-08-08,1.0,0.31612207735974407,1,1,4140.06005859375
2022-08-09,1.0,0.31907389146089654,1,1,4122.47021484375
2022-08-10,1.0,0.3275619925315239,1,1,4210.240234375
2022-08-11,1.0,0.3191985418747376,1,1,4207.27001953125
2022-08-12,1.0,0.305421399786979,1,1,4280.14990234375
2022-08-15,1.0,0.22583885278208743,1,1,4297.14013671875
2022-08-16,1.0,0.22763773514988367,1,1,4305.2001953125
2022-08-17,1.0,0.23726695735746062,1,1,4274.0400390625
2022-08-18,1.0,0.23103955672113757,1,1,4283.740234375
2022-08-19,1.0,0.2304468216944555,1,1,4228.47998046875
2022-08-22,1.0,0.27378022702145227,1,1,4137.990234375
2022-08-23,1.0,0.29434452334781797,1,1,4128.72998046875
2022-08-24,1.0,0.2778418402683145,1,1,4140.77001953125
2022-08-25,1.0,0.27136128785574865,1,1,4199.1201171875
2022-08-26,1.0,0.32208097290197724,1,1,4057.659912109375
2022-08-29,1.0,0.3638181377814954,1,1,4030.610107421875
2022-08-30,1.0,0.35268998295560555,1,1,3986.159912109375
2022-08-31,1.0,0.364868517781083,1,1,3955.0
2022-09-01,1.0,0.49977938480568074,1,1,3966.85009765625
2022-09-02,1.0,0.38752170232456973,1,1,3924.260009765625
2022-09-06,1.0,0.3833417385680815,1,1,3908.18994140625
2022-09-07,1.0,0.5682137473760508,1,1,3979.8701171875
2022-09-08,1.0,0.5135354480096035,1,1,4006.179931640625
2022-09-09,1.0,0.44340204152122553,1,1,4067.360107421875
2022-09-12,1.0,0.4164410120517779,1,1,4110.41015625
2022-09-13,1.0,0.5407643281170941,1,1,3932.68994140625
2022-09-14,1.0,0.5386516018609503,1,1,3946.010009765625
2022-09-15,1.0,0.6723918821248595,1,1,3901.35009765625
2022-09-16,1.0,0.7237898738344914,1,1,3873.330078125
2022-09-19,1.0,0.6520876479597316,1,1,3899.889892578125
2022-09-20,1.0,0.6241544706422679,1,1,3855.929931640625
2022-09-21,1.0,0.6217173045475672,1,1,3789.929931640625
2022-09-22,1.0,0.5839796317967751,1,1,3757.989990234375
2022-09-23,1.0,0.6573543257533693,1,1,3693.22998046875
2022-09-26,1.0,0.4724823253912911,1,1,3655.0400390625
2022-09-27,1.0,0.46619197618758185,1,1,3647.2900390625
2022-09-28,1.0,0.675354924005466,1,1,3719.0400390625
2022-09-29,1.0,0.6754675452842727,1,1,3640.469970703125
2022-09-30,1.0,0.5902216074854179,1,1,3585.6201171875
2022-10-03,1.0,0.6051079577328242,1,1,3678.429931640625
2022-10-04,1.0,0.5417218239212138,1,1,3790.929931640625
2022-10-05,1.0,0.5102121145955925,1,1,3783.280029296875
2022-10-06,0.0,0.4659802905524778,1,1,3744.52001953125
2022-10-07,0.0,0.47730447437008255,1,1,3639.659912109375
2022-10-10,0.0,0.48476158419126814,1,1,3612.389892578125
2022-10-11,0.0,0.5933859398624082,1,1,3588.840087890625
2022-10-12,0.0,0.5962369190508594,1,1,3577.030029296875
2022-10-13,0.0,0.6153880361065037,1,1,3669.909912109375
2022-10-14,0.0,0.6125112099011847,1,1,3583.070068359375
2022-10-17,0.0,0.5428849376695957,1,1,3677.949951171875
2022-10-18,0.0,0.46674633296081813,1,1,3719.97998046875
2022-10-19,0.0,0.4689080327059184,1,1,3695.159912109375
2022-10-20,0.0,0.47296097014252864,1,1,3665.780029296875
2022-10-21,0.0,0.4777344033806429,1,1,3752.75
2022-10-24,0.0,0.4749620657623423,1,1,3797.340087890625
2022-10-25,0.0,0.508814851329155,1,1,3859.110107421875
2022-10-26,0.0,0.4608087830589567,1,1,3830.60009765625
2022-10-27,0.0,0.4712743027594935,1,1,3807.300048828125
2022-10-28,0.0,0.4276643528544931,1,1,3901.06005859375
2022-10-31,0.0,0.4424372908501156,1,1,3871.97998046875
2022-11-01,0.0,0.34075436157325456,1,1,3856.10009765625
2022-11-02,0.0,0.34458344214360914,1,1,3759.68994140625
2022-11-03,0.0,0.36354553916124643,1,1,3719.889892578125
2022-11-04,0.0,0.3591167011801148,1,1,3770.550048828125
2022-11-07,0.0,0.35982598437816615,1,1,3806.800048828125
2022-11-08,0.0,0.36744104038689346,1,1,3828.110107421875
2022-11-09,0.0,0.3796882445988327,1,1,3748.570068359375
2022-11-10,0.0,0.3511000556760217,1,1,3956.3701171875
2022-11-11,0.0,0.3547134788189553,1,1,3992.929931640625
2022-11-14,0.0,0.34913272242854876,1,1,3957.25
2022-11-15,0.0,0.3424674451365154,1,1,3991.72998046875
2022-11-16,0.0,0.3376089962104032,1,1,3958.7900390625
2022-11-17,0.0,0.30638052814184663,1,1,3946.56005859375
2022-11-18,0.0,0.28199264365886767,1,1,3965.340087890625
2022-11-21,0.0,0.2767512326607986,1,1,3949.93994140625
2022-11-22,0.0,0.2996765502551264,1,1,4003.580078125
2022-11-23,0.0,0.24841803310019073,1,1,4027.260009765625
2022-11-25,0.0,0.2622632455305947,1,1,4026.1201171875
2022-11-28,0.0,0.3179599211898339,1,1,3963.93994140625
2022-11-29,0.0,0.3161942754288766,1,1,3957.6298828125
2022-11-30,0.0,0.4460570969480824,1,1,4080.110107421875
2022-12-01,0.0,0.37677632918830095,1,1,4076.570068359375
2022-12-02,0.0,0.3101225310526253,1,1,4071.699951171875
2022-12-05,0.0,0.27822324123389963,1,1,3998.840087890625
2022-12-06,0.0,0.3000354636834603,1,1,3941.260009765625
2022-12-07,0.0,0.313389952836311,1,1,3933.919921875
2022-12-08,0.0,0.3070918249144345,1,1,3963.510009765625
2022-12-09,0.0,0.29780185318362457,1,1,3934.3798828125
2022-12-12,0.0,0.36790832563501497,1,1,3990.56005859375
2022-12-13,0.0,0.33522848039386316,1,1,4019.64990234375
2022-12-14,0.0,0.35095643080326744,1,1,3995.320068359375
2022-12-15,0.0,0.43671479775628763,1,1,3895.75
2022-12-16,0.0,0.4738521771222064,1,1,3852.360107421875
2022-12-19,0.0,0.48890225989641656,1,1,3817.659912109375
2022-12-20,0.0,0.5248509080962945,1,1,3821.6201171875
2022-12-21,0.0,0.5297366719524643,1,1,3878.43994140625
2022-12-22,0.0,0.5377872316911626,1,1,3822.389892578125
2022-12-23,0.0,0.5455421450644031,1,1,3844.820068359375
2022-12-27,0.0,0.5147412460561799,1,1,3829.25
2022-12-28,0.0,0.6739797554025028,1,1,3783.219970703125
2022-12-29,0.0,0.6614444545436386,1,1,3849.280029296875
2022-12-30,0.0,0.6270283070157967,1,1,3839.5
2023-01-03,0.0,0.5905871711212924,1,1,3824.139892578125
2023-01-04,0.0,0.5634297057889182,1,1,3852.969970703125
2023-01-05,0.0,0.48790495219966085,1,1,3808.10009765625
2023-01-06,0.0,0.4843718339041775,1,1,3895.080078125
2023-01-09,0.0,0.46540145407783484,1,1,3892.090087890625
2023-01-10,0.0,0.4707241611175973,1,1,3919.25
2023-01-11,0.0,0.5005669232152397,1,1,3969.610107421875
2023-01-12,0.0,0.4508573968054669,1,1,3983.169921875
2023-01-13,0.0,0.3663189533540471,1,1,3999.090087890625
2023-01-17,0.0,0.3989494335158902,1,1,3990.969970703125
2023-01-18,0.0,0.591773262851828,1,1,3928.860107421875
2023-01-19,0.0,0.6213645522550699,1,1,3898.85009765625
2023-01-20,0.0,0.6422727127044018,1,1,3972.610107421875
2023-01-23,0.0,0.6090743113447726,1,1,4019.81005859375
2023-01-24,0.0,0.6187493351599401,1,1,4016.949951171875
2023-01-25,0.0,0.6164812160048136,1,1,4016.219970703125
2023-01-26,0.0,0.5059314605777672,1,1,4060.429931640625
2023-01-27,0.0,0.4479132020029638,1,1,4070.56005859375
2023-01-30,0.0,0.6382104898568732,1,1,4017.77001953125
2023-01-31,0.0,0.618231917540616,1,1,4076.60009765625
2023-02-01,0.0,0.23328292707370427,1,1,4119.2099609375
2023-02-02,0.0,0.18458389823074695,1,1,4179.759765625
2023-02-03,0.0,0.21066585399033091,1,1,4136.47998046875
2023-02-06,0.0,0.20888905537378732,1,1,4111.080078125
2023-02-07,0.0,0.21199658088481627,1,1,4164.0
2023-02-08,0.0,0.23013970710986997,1,1,4117.85986328125
2023-02-09,0.0,0.23616670098561598,1,1,4081.5
2023-02-10,0.0,0.24327096469097953,1,1,4090.4599609375
2023-02-13,0.0,0.2339446707828921,1,1,4137.2900390625
2023-02-14,0.0,0.22262668251836654,1,1,4136.1298828125
2023-02-15,0.0,0.2052138300356514,1,1,4147.60009765625
2023-02-16,0.0,0.2295351992837171,1,1,4090.409912109375
2023-02-17,0.0,0.23055664913200496,1,1,4079.090087890625
2023-02-21,0.0,0.25298896959913325,1,1,3997.340087890625
2023-02-22,0.0,0.24908463216758636,1,1,3991.050048828125
2023-02-23,0.0,0.2394312766301157,1,1,4012.320068359375
2023-02-24,0.0,0.2347311994220384,1,1,3970.0400390625
2023-02-27,0.0,0.2359033052428836,1,1,3982.239990234375
2023-02-28,0.0,0.19832351838811246,1,1,3970.14990234375
2023-03-01,0.0,0.2003692464499117,1,1,3951.389892578125
2023-03-02,0.0,0.5211627357502318,1,1,3981.35009765625
2023-03-03,0.0,0.5694491901637884,1,1,4045.639892578125
2023-03-06,0.0,0.5317376695226708,1,1,4048.419921875
2023-03-07,0.0,0.508755473509326,1,1,3986.3701171875
2023-03-08,0.0,0.5796157001701161,1,1,3992.010009765625
2023-03-09,0.0,0.6592140728365445,1,1,3918.320068359375
2023-03-10,0.0,0.6991463011909722,1,1,3861.590087890625
2023-03-13,0.0,0.7426395003772979,1,1,3855.760009765625
2023-03-14,0.0,0.7379240299926074,1,1,3919.2900390625
2023-03-15,0.0,0.8258143232803247,1,1,3891.929931640625
2023-03-16,0.0,0.7260363450476974,1,1,3960.280029296875
2023-03-17,0.0,0.8067343431396187,1,1,3916.639892578125
2023-03-20,0.0,0.7996600731178574,1,1,3951.570068359375
2023-03-21,0.0,0.7195105618065825,1,1,4002.8701171875
2023-03-22,0.0,0.6469414943275775,1,1,3936.969970703125
2023-03-23,0.0,0.8081528610136246,1,1,3948.719970703125
2023-03-24,0.0,0.7899263091872826,1,1,3970.989990234375
2023-03-27,0.0,0.6453189237867426,1,1,3977.530029296875
2023-03-28,0.0,0.7438128788654605,1,1,3971.27001953125
2023-03-29,0.0,0.5192409472278664,1,1,4027.81005859375
2023-03-30,0.0,0.49807151058690047,1,1,4050.830078125
2023-03-31,0.0,0.40417171425260967,1,1,4109.31005859375
2023-04-03,0.0,0.40734640708342684,1,1,4124.509765625
2023-04-04,0.0,0.5247803458729784,1,1,4100.60009765625
2023-04-05,0.0,0.6535696094993124,1,1,4090.3798828125
2023-04-06,0.0,0.6124988067839365,1,1,4105.02001953125
2023-04-10,0.0,0.534238662977988,1,1,4109.10986328125
2023-04-11,0.0,0.5134895865280339,1,1,4108.93994140625
2023-04-12,0.0,0.47180800527197825,1,1,4091.949951171875
2023-04-13,0.0,0.3743019219135851,1,1,4146.22021484375
2023-04-14,0.0,0.340779424568517,1,1,4137.64013671875
2023-04-17,0.0,0.35766116852259905,1,1,4151.31982421875
2023-04-18,0.0,0.35091554988837975,1,1,4154.8701171875
2023-04-19,0.0,0.36944986730082907,1,1,4154.52001953125
2023-04-20,0.0,0.4650071567650981,1,1,4129.7900390625
2023-04-21,0.0,0.42153312414785116,1,1,4133.52001953125
2023-04-24,0.0,0.45674735216606255,1,1,4137.0400390625
2023-04-25,0.0,0.6325653655700316,1,1,4071.6298828125
2023-04-26,0.0,0.6280711758366249,1,1,4055.989990234375
2023-04-27,0.0,0.5461397078343567,1,1,4135.35009765625
2023-04-28,0.0,0.5141022599663254,1,1,4169.47998046875
2023-05-01,0.0,0.4348783518019885,1,1,4167.8701171875
2023-05-02,0.0,0.5233837449248079,1,1,4119.580078125
2023-05-03,0.0,0.6308708254538221,1,1,4090.75
2023-05-04,0.0,0.5508973329729538,1,1,4061.219970703125
2023-05-05,0.0,0.575934522618322,1,1,4136.25
2023-05-08,0.0,0.5177106966918337,1,1,4138.1201171875
2023-05-09,0.0,0.6016520332103814,1,1,4119.169921875
2023-05-10,0.0,0.5423499368191603,1,1,4137.64013671875
2023-05-11,0.0,0.4708262102762007,1,1,4130.6201171875
2023-05-12,0.0,0.4216167949970684,1,1,4124.080078125
2023-05-15,0.0,0.4070705513658799,1,1,4136.27978515625
2023-05-16,0.0,0.45589435742357465,1,1,4109.89990234375
2023-05-17,0.0,0.41019625761077694,1,1,4158.77001953125
2023-05-18,0.0,0.3363715751073649,1,1,4198.0498046875
2023-05-19,0.0,0.3570957524241827,1,1,4191.97998046875
2023-05-22,0.0,0.3594528183299355,1,1,4192.6298828125
2023-05-23,0.0,0.4970233809203023,1,1,4145.580078125
2023-05-24,0.0,0.5294707760402966,1,1,4115.240234375
2023-05-25,0.0,0.4326830751902649,1,1,4151.27978515625
2023-05-26,0.0,0.5219786568613847,1,1,4205.4501953125
2023-05-30,0.0,0.5887483375600661,1,1,4205.52001953125
2023-05-31,0.0,0.6621619359331672,1,1,4179.830078125
2023-06-01,0.0,0.5167795112888001,1,1,4221.02001953125
2023-06-02,0.0,0.4454617049128452,1,1,4282.3701171875
2023-06-05,0.0,0.5651330318289371,1,1,4273.7900390625
2023-06-06,0.0,0.5475547404846492,1,1,4283.85009765625
2023-06-07,0.0,0.5024174610688865,1,1,4267.52001953125
2023-06-08,0.0,0.6458628581239311,1,1,4293.93017578125
2023-06-09,0.0,0.6830323664363535,1,1,4298.85986328125
2023-06-12,0.0,0.7890556629627852,1,1,4338.93017578125
2023-06-13,0.0,0.6268003351334929,1,1,4369.009765625
2023-06-14,0.0,0.5278943431909321,1,1,4372.58984375
2023-06-15,0.0,0.627747048094912,1,1,4425.83984375
2023-06-16,0.0,0.6398384096499031,1,1,4409.58984375
2023-06-20,0.0,0.6887870906945751,1,1,4388.7099609375
2023-06-21,0.0,0.7621865337746991,1,1,4365.68994140625
2023-06-22,0.0,0.7257502341246393,1,1,4381.89013671875
2023-06-23,0.0,0.7281659573819301,1,1,4348.330078125
2023-06-26,0.0,0.7344288658641112,1,1,4328.81982421875
2023-06-27,0.0,0.7363956435914092,1,1,4378.41015625
2023-06-28,0.0,0.7539618101865921,1,1,4376.85986328125
2023-06-29,0.0,0.6566851155300941,1,1,4396.43994140625
2023-06-30,0.0,0.5065738279551201,1,1,4450.3798828125
2023-07-03,0.0,0.4069270700858209,1,1,4455.58984375
2023-07-05,0.0,0.5456425578117737,1,1,4446.81982421875
2023-07-06,0.0,0.5427614732231816,1,1,4411.58984375
2023-07-07,0.0,0.6457414834338104,1,1,4398.9501953125
2023-07-10,0.0,0.6360906484572073,1,1,4409.52978515625
2023-07-11,0.0,0.6466412220885881,1,1,4439.259765625
2023-07-12,0.0,0.6870800434760502,1,1,4472.16015625
2023-07-13,0.0,0.6105475802406788,1,1,4510.0400390625
2023-07-14,0.0,0.5722082407325259,1,1,4505.419921875
2023-07-17,0.0,0.6267553554326349,1,1,4522.7900390625
2023-07-18,0.0,0.6352794108862083,1,1,4554.97998046875
2023-07-19,0.0,0.731966454835214,1,1,4565.72021484375
2023-07-20,0.0,0.7421664224270719,1,1,4534.8701171875
2023-07-21,0.0,0.7365808143805499,1,1,4536.33984375
2023-07-24,0.0,0.6674920587516495,1,1,4554.64013671875
2023-07-25,0.0,0.7347468933609402,1,1,4567.4599609375
2023-07-26,0.0,0.7946182552330439,1,1,4566.75
2023-07-27,0.0,0.6294158983593434,1,1,4537.41015625
2023-07-28,0.0,0.7127997135055804,1,1,4582.22998046875
2023-07-31,0.0,0.7112092717817279,1,1,4588.9599609375
2023-08-01,0.0,0.7282436119075435,1,1,4576.72998046875
2023-08-02,0.0,0.6991142355451029,1,1,4513.39013671875
2023-08-03,0.0,0.6900238950403035,1,1,4501.89013671875
2023-08-04,0.0,0.7305490731395052,1,1,4478.02978515625
2023-08-07,0.0,0.7138774808850317,1,1,4518.43994140625
2023-08-08,0.0,0.7147755150817408,1,1,4499.3798828125
2023-08-09,0.0,0.7112468470990162,1,1,4467.7099609375
2023-08-10,0.0,0.6529994448994317,1,1,4468.830078125
2023-08-11,0.0,0.5878880186534846,1,1,4464.0498046875
2023-08-14,0.0,0.6074528715396696,1,1,4489.72021484375
2023-08-15,0.0,0.6025713803328369,1,1,4437.85986328125
2023-08-16,0.0,0.5803019286044115,1,1,4404.330078125
2023-08-17,0.0,0.7226294310373328,1,1,4370.35986328125
2023-08-18,0.0,0.7310501427612366,1,1,4369.7099609375
2023-08-21,0.0,0.6655966804959371,1,1,4399.77001953125
2023-08-22,0.0,0.6622710117652182,1,1,4387.5498046875
2023-08-23,0.0,0.6683820704299057,1,1,4436.009765625
2023-08-24,0.0,0.7103547671771181,1,1,4376.31005859375
2023-08-25,0.0,0.5449174304101216,1,1,4405.7099609375
2023-08-28,0.0,0.4743215117777262,1,1,4433.31005859375
2023-08-29,0.0,0.6384181371534186,1,1,4497.6298828125
2023-08-30,0.0,0.5677673461033581,1,1,4514.8701171875
2023-08-31,0.0,0.5633836808604042,1,1,4507.66015625
2023-09-01,0.0,0.5979476034259802,1,1,4515.77001953125
2023-09-05,0.0,0.6968394258627552,1,1,4496.830078125
2023-09-06,0.0,0.6275046091055627,1,1,4465.47998046875
2023-09-07,0.0,0.5895106051507215,1,1,4451.14013671875
2023-09-08,0.0,0.6327415466275722,1,1,4457.490234375
2023-09-11,0.0,0.640167831801676,1,1,4487.4599609375
2023-09-12,0.0,0.6382082185100679,1,1,4461.89990234375
2023-09-13,0.0,0.6061453071883758,1,1,4467.43994140625
2023-09-14,0.0,0.6430496128426723,1,1,4505.10009765625
2023-09-15,0.0,0.5573093077761324,1,1,4450.31982421875
2023-09-18,0.0,0.6144371875843786,1,1,4453.52978515625
2023-09-19,0.0,0.5923433870439513,1,1,4443.9501953125
2023-09-20,0.0,0.48097232617030206,1,1,4402.2001953125
2023-09-21,0.0,0.6278114519749315,1,1,4330.0
2023-09-22,0.0,0.5888893770338839,1,1,4320.06005859375
2023-09-25,0.0,0.5807748444184756,1,1,4337.43994140625
2023-09-26,0.0,0.7689779430878467,1,1,4273.52978515625
2023-09-27,0.0,0.7087463157778863,1,1,4274.509765625
2023-09-28,0.0,0.6555096199806849,1,1,4299.7001953125
2023-09-29,0.0,0.6545686668464094,1,1,4288.0498046875
2023-10-02,0.0,0.6563223650084788,1,1,4288.39013671875
2023-10-03,0.0,0.777234684591964,1,1,4229.4501953125
2023-10-04,0.0,0.7424570683950343,1,1,4263.75
2023-10-05,0.0,0.735907273728505,1,1,4258.18994140625
2023-10-06,0.0,0.6719587866376874,1,1,4308.5
2023-10-09,0.0,0.71081780613415,1,1,4335.66015625
2023-10-10,0.0,0.6227537600483475,1,1,4358.240234375
2023-10-11,0.0,0.5183804376514867,1,1,4376.9501953125
2023-10-12,0.0,0.5326354854876398,1,1,4349.60986328125
2023-10-13,0.0,0.7659997263283522,1,1,4327.77978515625
2023-10-16,0.0,0.7190631342158377,1,1,4373.6298828125
2023-10-17,0.0,0.7676912390502166,1,1,4373.2001953125
2023-10-18,0.0,0.7802860435596086,1,1,4314.60009765625
2023-10-19,0.0,0.7747180137723464,1,1,4278.0
2023-10-20,0.0,0.7717942689870472,1,1,4224.16015625
2023-10-23,0.0,0.7312667053149928,1,1,4217.0400390625
2023-10-24,0.0,0.7220652324375341,1,1,4247.68017578125
2023-10-25,0.0,0.7022757094544423,1,1,4186.77001953125
2023-10-26,0.0,0.728487556836616,1,1,4137.22998046875
2023-10-27,0.0,0.7488684619365735,1,1,4117.3701171875
2023-10-30,0.0,0.7309526228748078,1,1,4166.81982421875
2023-10-31,0.0,0.6322864959018847,1,1,4193.7998046875
2023-11-01,0.0,0.42641315599856383,1,1,4237.85986328125
2023-11-02,0.0,0.3157888539972419,1,1,4317.77978515625
2023-11-03,0.0,0.24975046602620415,1,1,4358.33984375
2023-11-06,0.0,0.27142093532704925,1,1,4365.97998046875
2023-11-07,0.0,0.33608222265275883,1,1,4378.3798828125
2023-11-08,0.0,0.33009200347518086,1,1,4382.77978515625
2023-11-09,0.0,0.34582443295165555,1,1,4347.35009765625
2023-11-10,0.0,0.41420145366263295,1,1,4415.240234375
2023-11-13,0.0,0.45364924364946824,1,1,4411.5498046875
2023-11-14,0.0,0.33872532050943593,1,1,4495.7001953125
2023-11-15,0.0,0.3090359562397491,1,1,4502.8798828125
2023-11-16,0.0,0.3373869827718041,1,1,4508.240234375
2023-11-17,0.0,0.3491891232126244,1,1,4514.02001953125
2023-11-20,0.0,0.327980927040064,1,1,4547.3798828125
2023-11-21,0.0,0.318592198790829,1,1,4538.18994140625
2023-11-22,0.0,0.3307594542862412,1,1,4556.6201171875
2023-11-24,0.0,0.3203194279270506,1,1,4559.33984375
2023-11-27,0.0,0.37217841576478145,1,1,4550.43017578125
2023-11-28,0.0,0.39980019910422493,1,1,4554.89013671875
2023-11-29,0.0,0.36216636997935625,1,1,4550.580078125
2023-11-30,0.0,0.34601600542173583,1,1,4567.7998046875
2023-12-01,0.0,0.3498903627945038,1,1,4594.6298828125
2023-12-04,0.0,0.40776317058013734,1,1,4569.77978515625
2023-12-05,0.0,0.40364239776879907,1,1,4567.18017578125
2023-12-06,0.0,0.43173211475578116,1,1,4549.33984375
2023-12-07,0.0,0.37429722257292175,1,1,4585.58984375
2023-12-08,0.0,0.334169996123864,1,1,4604.3701171875
2023-12-11,0.0,0.35571229547228633,1,1,4622.43994140625
2023-12-12,0.0,0.35053669151579236,1,1,4643.7001953125
2023-12-13,0.0,0.337391982828394,1,1,4707.08984375
2023-12-14,0.0,0.2843316539379109,1,1,4719.5498046875
2023-12-15,0.0,0.2984451877604919,1,1,4719.18994140625
2023-12-18,0.0,0.2591953173941955,1,1,4740.56005859375
2023-12-19,0.0,0.24224241875468702,1,1,4768.3701171875
2023-12-20,0.0,0.25445320146045636,1,1,4698.35009765625
2023-12-21,0.0,0.26302077583141237,1,1,4746.75
2023-12-22,0.0,0.25968532699565416,1,1,4754.6298828125
2023-12-26,0.0,0.2585125814514196,1,1,4774.75
2023-12-27,0.0,0.2528947768357423,1,1,4781.580078125
2023-12-28,0.0,0.2557164900737632,1,1,4783.35009765625
2023-12-29,0.0,0.26313713917878695,1,1,4769.830078125
2024-01-02,0.0,0.31096158557959175,1,1,4742.830078125
2024-01-03,0.0,0.4327353564112424,1,1,4704.81005859375
2024-01-04,0.0,0.3687673623578155,1,1,4688.68017578125
2024-01-05,0.0,0.3853415104914315,1,1,4697.240234375
2024-01-08,0.0,0.3813194422854308,1,1,4763.5400390625
2024-01-09,0.0,0.4696468210614918,1,1,4756.5
2024-01-10,0.0,0.4289039603619886,1,1,4783.4501953125
2024-01-11,0.0,0.4323327427804521,1,1,4780.240234375
2024-01-12,0.0,0.6393912746682479,1,1,4783.830078125
2024-01-16,0.0,0.5930041471161549,1,1,4765.97998046875
2024-01-17,0.0,0.7393099684266133,1,1,4739.2099609375
2024-01-18,0.0,0.7316204470468781,1,1,4780.93994140625
2024-01-19,0.0,0.74636267152412,1,1,4839.81005859375
2024-01-22,0.0,0.7420283711906426,1,1,4850.43017578125
2024-01-23,0.0,0.7400625719667616,1,1,4864.60009765625
2024-01-24,0.0,0.7279123840418587,1,1,4868.5498046875
2024-01-25,0.0,0.6898230981841387,1,1,4894.16015625
2024-01-26,0.0,0.7154340631864444,1,1,4890.97021484375
2024-01-29,0.0,0.7765407725060773,1,1,4927.93017578125
2024-01-30,0.0,0.7787694797331622,1,1,4924.97021484375
2024-01-31,0.0,0.7206632815123335,1,1,4845.64990234375
2024-02-01,0.0,0.4983673620662137,1,1,4906.18994140625
2024-02-02,0.0,0.49376767520389675,1,1,4958.60986328125
2024-02-05,0.0,0.4937450009562674,1,1,4942.81005859375
2024-02-06,0.0,0.5040431923409676,1,1,4954.22998046875
2024-02-07,0.0,0.4746388070838726,1,1,4995.06005859375
2024-02-08,0.0,0.4807810317881659,1,1,4997.91015625
2024-02-09,0.0,0.4831051818601408,1,1,5026.60986328125
2024-02-12,0.0,0.48684669800221486,1,1,5021.83984375
2024-02-13,0.0,0.48271960955564097,1,1,4953.169921875
2024-02-14,0.0,0.5143443581790483,1,1,5000.6201171875
2024-02-15,0.0,0.48736708359670294,1,1,5029.72998046875
2024-02-16,0.0,0.4870681390851007,1,1,5005.56982421875
2024-02-20,0.0,0.47946200755733875,1,1,4975.509765625
2024-02-21,0.0,0.518910153081271,1,1,4981.7998046875
2024-02-22,0.0,0.41544373353436626,1,1,5087.02978515625
2024-02-23,0.0,0.40594410523440705,1,1,5088.7998046875
2024-02-26,0.0,0.41915594794931343,1,1,5069.52978515625
2024-02-27,0.0,0.4138125061288276,1,1,5078.18017578125
2024-02-28,0.0,0.45495364502728686,1,1,5069.759765625
2024-02-29,0.0,0.47147629488010584,1,1,5096.27001953125
2024-03-01,0.0,0.7962616312709145,1,1,5137.080078125
2024-03-04,0.0,0.7867178793622047,1,1,5130.9501953125
2024-03-05,0.0,0.8002243738688337,1,1,5078.64990234375
2024-03-06,0.0,0.7965029680491011,1,1,5104.759765625
2024-03-07,0.0,0.7500749324994405,1,1,5157.35986328125
2024-03-08,0.0,0.7639327245795349,1,1,5123.68994140625
2024-03-11,0.0,0.7579140191546236,1,1,5117.93994140625
2024-03-12,0.0,0.7511781893353042,1,1,5175.27001953125
2024-03-13,0.0,0.6988759705697087,1,1,5165.31005859375
2024-03-14,0.0,0.7083591685356588,1,1,5150.47998046875
2024-03-15,0.0,0.7510137791011551,1,1,5117.08984375
2024-03-18,0.0,0.7253081821703122,1,1,5149.419921875
2024-03-19,0.0,0.7400537789242243,1,1,5178.509765625
2024-03-20,0.0,0.8012904459724781,1,1,5224.6201171875
2024-03-21,0.0,0.7189671258481147,1,1,5241.52978515625
2024-03-22,0.0,0.7582144483734496,1,1,5234.18017578125
2024-03-25,0.0,0.7973003808768657,1,1,5218.18994140625
2024-03-26,0.0,0.8104136999432214,1,1,5203.580078125
2024-03-27,0.0,0.8053470027809133,1,1,5248.490234375
2024-03-28,0.0,0.7930244451034807,1,1,5254.35009765625
2024-04-01,0.0,0.7972950698843367,1,1,5243.77001953125
2024-04-02,0.0,0.8035202876942391,1,1,5205.81005859375
2024-04-03,0.0,0.8015438940312618,1,1,5211.490234375
2024-04-04,0.0,0.7649570488815107,1,1,5147.2099609375
2024-04-05,0.0,0.7679752280067329,1,1,5204.33984375
2024-04-08,0.0,0.7289008794375806,1,1,5202.39013671875
2024-04-09,0.0,0.7299225972902692,1,1,5209.91015625
2024-04-10,0.0,0.622765997558899,1,1,5160.64013671875
2024-04-11,0.0,0.7312050826214946,1,1,5199.06005859375
2024-04-12,0.0,0.6808575038351787,1,1,5123.41015625
2024-04-15,0.0,0.6468672799378425,1,1,5061.81982421875
2024-04-16,0.0,0.6603161408513909,1,1,5051.41015625
2024-04-17,0.0,0.592354872662216,1,1,5022.2099609375
2024-04-18,0.0,0.5583296538376918,1,1,5011.1201171875
2024-04-19,0.0,0.5639992607035103,1,1,4967.22998046875
2024-04-22,0.0,0.5844777055949977,1,1,5010.60009765625
2024-04-23,0.0,0.5281918324976036,1,1,5070.5498046875
2024-04-24,0.0,0.4649306645261095,1,1,5071.6298828125
2024-04-25,0.0,0.448954212677242,1,1,5048.419921875
2024-04-26,0.0,0.3837869879772178,1,1,5099.9599609375
2024-04-29,0.0,0.49070195881976947,1,1,5116.169921875
2024-04-30,0.0,0.507062381130277,1,1,5035.68994140625
2024-05-01,0.0,0.49895613482895634,1,1,5018.39013671875
2024-05-02,0.0,0.45401962126733947,1,1,5064.2001953125
2024-05-03,0.0,0.45180209726705023,1,1,5127.7900390625
2024-05-06,0.0,0.5217471719110044,1,1,5180.740234375
2024-05-07,0.0,0.5771344780015149,1,1,5187.7001953125
2024-05-08,0.0,0.5891310517424088,1,1,5187.669921875
2024-05-09,0.0,0.6837323978030958,1,1,5214.080078125
2024-05-10,0.0,0.6810759192997944,1,1,5222.68017578125
2024-05-13,0.0,0.6900441193069529,1,1,5221.419921875
2024-05-14,0.0,0.693548220157286,1,1,5246.68017578125
2024-05-15,0.0,0.645395380296527,1,1,5308.14990234375
2024-05-16,0.0,0.6468323478776552,1,1,5297.10009765625
2024-05-17,0.0,0.6474402708395448,1,1,5303.27001953125
2024-05-20,0.0,0.6007656686093922,1,1,5308.1298828125
2024-05-21,0.0,0.605003097378055,1,1,5321.41015625
2024-05-22,0.0,0.6648277352434236,1,1,5307.009765625
2024-05-23,0.0,0.8116255957426008,1,1,5267.83984375
2024-05-24,0.0,0.7993740863160248,1,1,5304.72021484375
2024-05-28,0.0,0.8168109792818952,1,1,5306.0400390625
2024-05-29,0.0,0.8505992093194343,1,1,5266.9501953125
2024-05-30,0.0,0.7961997111239252,1,1,5235.47998046875
2024-05-31,0.0,0.8094086268657354,1,1,5277.509765625
2024-06-03,0.0,0.8251839731527889,1,1,5283.39990234375
2024-06-04,0.0,0.8423978823655083,1,1,5291.33984375
2024-06-05,0.0,0.8016372584304055,1,1,5354.02978515625
2024-06-06,0.0,0.7978202116355222,1,1,5352.9599609375
2024-06-07,0.0,0.8008219340789186,1,1,5346.990234375
2024-06-10,0.0,0.8002128216470736,1,1,5360.7900390625
2024-06-11,0.0,0.8084865739092599,1,1,5375.31982421875
2024-06-12,0.0,0.7226033699438346,1,1,5421.02978515625
2024-06-13,0.0,0.808538399169858,1,1,5433.740234375
2024-06-14,0.0,0.7558297841497461,1,1,5431.60009765625
2024-06-17,0.0,0.7980589108467513,1,1,5473.22998046875
2024-06-18,0.0,0.750211699892906,1,1,5487.02978515625
2024-06-20,0.0,0.7447781357952987,1,1,5473.169921875
2024-06-21,0.0,0.7698954100410731,1,1,5464.6201171875
2024-06-24,0.0,0.8362936684948563,1,1,5447.8701171875
2024-06-25,0.0,0.7929806071843934,1,1,5469.2998046875
2024-06-26,0.0,0.8389758666527221,1,1,5477.89990234375
2024-06-27,0.0,0.8189847729422903,1,1,5482.8701171875
2024-06-28,0.0,0.8623784908413434,1,1,5460.47998046875
2024-07-01,0.0,0.8310137691539665,1,1,5475.08984375
2024-07-02,0.0,0.8658251934291039,1,1,5509.009765625
2024-07-03,0.0,0.8662790285105669,1,1,5537.02001953125
2024-07-05,0.0,0.8622666421146852,1,1,5567.18994140625
2024-07-08,1.0,0.8204818982455855,1,1,5572.85009765625
2024-07-09,1.0,0.8144457569932435,1,1,5576.97998046875
2024-07-10,1.0,0.8347790206726611,1,1,5633.91015625
2024-07-11,1.0,0.8392761812343751,1,1,5584.5400390625
2024-07-12,1.0,0.8605215240284161,1,1,5615.35009765625
2024-07-15,1.0,0.8633701033090696,1,1,5631.22021484375
2024-07-16,1.0,0.8174307305740425,1,1,5667.2001953125
2024-07-17,1.0,0.7426294222505654,1,1,5588.27001953125
2024-07-18,1.0,0.7265598930539015,1,1,5544.58984375
2024-07-19,1.0,0.6975569436709891,1,1,5505.0
2024-07-22,1.0,0.7197034332975063,1,1,5564.41015625
2024-07-23,1.0,0.7216923693684729,1,1,5555.740234375
2024-07-24,1.0,0.7324754378236809,1,1,5427.1298828125
2024-07-25,1.0,0.7215061175359818,1,1,5399.22021484375
2024-07-26,1.0,0.682420591233817,1,1,5459.10009765625
2024-07-29,1.0,0.7276577375531511,1,1,5463.5400390625
2024-07-30,1.0,0.7240535643682884,1,1,5436.43994140625
2024-07-31,1.0,0.6729520472050946,1,1,5522.2998046875
2024-08-01,0.0,0.6449495151226166,1,1,5446.68017578125
2024-08-02,0.0,0.6078279462272138,1,1,5346.56005859375
2024-08-05,0.0,0.5462522034584543,1,1,5186.330078125
2024-08-06,0.0,0.6037735716035388,1,1,5240.02978515625
2024-08-07,0.0,0.5942416210597772,1,1,5199.5
2024-08-08,0.0,0.5942988988163226,1,1,5319.31005859375
2024-08-09,0.0,0.4969271261885182,1,1,5344.16015625
2024-08-12,0.0,0.3814664938873032,1,1,5344.39013671875
2024-08-13,0.0,0.3913628968731827,1,1,5434.43017578125
2024-08-14,0.0,0.3700120098055307,1,1,5455.2099609375
2024-08-15,0.0,0.4096515006566303,1,1,5543.22021484375
2024-08-16,0.0,0.3978220763835365,1,1,5554.25
2024-08-19,0.0,0.3867747023333217,1,1,5608.25
2024-08-20,0.0,0.5580391749568117,1,1,5597.1201171875
2024-08-21,0.0,0.6797178922165991,1,1,5620.85009765625
2024-08-22,0.0,0.751386302814071,1,1,5570.64013671875
2024-08-23,0.0,0.44723206538440696,1,1,5634.60986328125
2024-08-26,0.0,0.5343387192976633,1,1,5616.83984375
2024-08-27,0.0,0.48331685282273174,1,1,5625.7998046875
2024-08-28,0.0,0.6816698238170885,1,1,5592.18017578125
2024-08-29,0.0,0.5610838477097417,1,1,5591.9599609375
2024-08-30,0.0,0.5767576000028944,1,1,5648.39990234375
2024-09-03,0.0,0.812528952710317,1,1,5528.93017578125
2024-09-04,0.0,0.7722955401735948,1,1,5520.06982421875
2024-09-05,0.0,0.7546365316141266,1,1,5503.41015625
2024-09-06,0.0,0.7903191161031904,1,1,5408.419921875
2024-09-09,0.0,0.7831462753225875,1,1,5471.0498046875
2024-09-10,0.0,0.7967394230490761,1,1,5495.52001953125
2024-09-11,0.0,0.806197652651607,1,1,5554.1298828125
2024-09-12,0.0,0.8095181412349768,1,1,5595.759765625
2024-09-13,0.0,0.610358679346796,1,1,5626.02001953125
2024-09-16,0.0,0.8060225771753045,1,1,5633.08984375
2024-09-17,0.0,0.7614665256715016,1,1,5634.580078125
2024-09-18,0.0,0.7616403929335583,1,1,5618.259765625
2024-09-19,0.0,0.5692062573099482,1,1,5713.64013671875
2024-09-20,0.0,0.6498265684554555,1,1,5702.5498046875
2024-09-23,0.0,0.6762796280621973,1,1,5718.56982421875
2024-09-24,0.0,0.7899393832220298,1,1,5732.93017578125
2024-09-25,0.0,0.7974689369541841,1,1,5722.259765625
2024-09-26,0.0,0.5977062984585804,1,1,5745.3701171875
2024-09-27,0.0,0.5887670639636363,1,1,5738.169921875
2024-09-30,0.0,0.4041657815022006,1,1,5762.47998046875
2024-10-01,0.0,0.6655505691255617,1,1,5708.75
2024-10-02,0.0,0.6489788593104096,1,1,5709.5400390625
2024-10-03,0.0,0.606936421917802,1,1,5699.93994140625
2024-10-04,0.0,0.43851734714803325,1,1,5751.06982421875
2024-10-07,0.0,0.530074489670236,1,1,5695.93994140625
2024-10-08,0.0,0.6316360708874991,1,1,5751.1298828125
2024-10-09,0.0,0.5775652149360732,1,1,5792.0400390625
2024-10-10,0.0,0.5848033600059697,1,1,5780.0498046875
2024-10-11,0.0,0.5756152806041659,1,1,5815.02978515625
2024-10-14,0.0,0.6500107300604585,1,1,5859.85009765625
2024-10-15,0.0,0.6786146704087879,1,1,5815.259765625
2024-10-16,0.0,0.685828278712131,1,1,5842.47021484375
2024-10-17,0.0,0.5592925419179553,1,1,5841.47021484375
2024-10-18,0.0,0.5387980205339122,1,1,5864.669921875
2024-10-21,0.0,0.5738752763053769,1,1,5853.97998046875
2024-10-22,0.0,0.6632708323024068,1,1,5851.2001953125
2024-10-23,0.0,0.7039136219329332,1,1,5797.419921875
2024-10-24,0.0,0.7057910501339884,1,1,5809.85986328125
2024-10-25,0.0,0.7058515573766984,1,1,5808.1201171875
2024-10-28,0.0,0.7239431879102713,1,1,5823.52001953125
2024-10-29,0.0,0.7958107028315432,1,1,5832.919921875
2024-10-30,0.0,0.7368662453290025,1,1,5813.669921875
2024-10-31,0.0,0.6280547132843814,1,1,5705.4501953125
2024-11-01,0.0,0.6365531711787704,1,1,5728.7998046875
2024-11-04,0.0,0.608582061837853,1,1,5712.68994140625
2024-11-05,0.0,0.6403319694766736,1,1,5782.759765625
2024-11-06,0.0,0.5448567728363989,1,1,5929.0400390625
2024-11-07,0.0,0.33366758138921737,1,1,5973.10009765625
2024-11-08,0.0,0.2992910708962976,1,1,5995.5400390625
2024-11-11,0.0,0.29961195863694184,1,1,6001.35009765625
2024-11-12,0.0,0.3359725323841381,1,1,5983.990234375
2024-11-13,0.0,0.6708766804342391,1,1,5985.3798828125
2024-11-14,0.0,0.5873426058204132,1,1,5949.169921875
2024-11-15,0.0,0.7804056030877782,1,1,5870.6201171875
2024-11-18,0.0,0.7372063703068635,1,1,5893.6201171875
2024-11-19,0.0,0.7888440885205878,1,1,5916.97998046875
2024-11-20,0.0,0.8252371756134066,1,1,5917.10986328125
2024-11-21,0.0,0.813002880691547,1,1,5948.7099609375
2024-11-22,0.0,0.7101364448639602,1,1,5969.33984375
2024-11-25,0.0,0.7228921807404212,1,1,5987.3701171875
2024-11-26,0.0,0.710023938235845,1,1,6021.6298828125
2024-11-27,0.0,0.6616546789876948,1,1,5998.740234375
2024-11-29,0.0,0.6496487547053282,1,1,6032.3798828125
2024-12-02,0.0,0.7854214402151205,1,1,6047.14990234375
2024-12-03,0.0,0.7916584686958847,1,1,6049.8798828125
2024-12-04,0.0,0.7882411664830691,1,1,6086.490234375
2024-12-05,0.0,0.8486399737220186,1,1,6075.10986328125
2024-12-06,0.0,0.8138915194209388,1,1,6090.27001953125
2024-12-09,0.0,0.8695724472713477,1,1,6052.85009765625
2024-12-10,0.0,0.8650684991490497,1,1,6034.91015625
2024-12-11,0.0,0.82563725823845,1,1,6084.18994140625
2024-12-12,0.0,0.8315855978153237,1,1,6051.25
2024-12-13,0.0,0.8440743690783219,1,1,6051.08984375
2024-12-16,0.0,0.8838597562725518,1,1,6074.080078125
2024-12-17,0.0,0.8666507856409811,1,1,6050.60986328125
2024-12-18,0.0,0.6544102326969372,1,1,5872.16015625
2024-12-19,0.0,0.6069206179557473,1,1,5867.080078125
2024-12-20,0.0,0.7085012970374859,1,1,5930.85009765625
2024-12-23,0.0,0.6320866317801013,1,1,5974.06982421875
2024-12-24,0.0,0.6292410789225913,1,1,6040.0400390625
2024-12-26,0.0,0.5234205875058877,1,1,6037.58984375
2024-12-27,0.0,0.43505048785646433,1,1,5970.83984375
2024-12-30,0.0,0.624162005322322,1,1,5906.93994140625
2024-12-31,0.0,0.687544534191087,1,1,5881.6298828125
2025-01-02,0.0,0.6223560262178769,1,1,5868.5498046875
2025-01-03,0.0,0.5940082177726838,1,1,5942.47021484375
2025-01-06,0.0,0.7089963605369984,1,1,5975.3798828125
2025-01-07,0.0,0.6223176849446488,1,1,5909.02978515625
2025-01-08,0.0,0.6756347156772555,1,1,5918.25
2025-01-10,0.0,0.6760013870707429,1,1,5827.0400390625
2025-01-13,0.0,0.7046969676298706,1,1,5836.22021484375
2025-01-14,0.0,0.674198058473739,1,1,5842.91015625
2025-01-15,0.0,0.5800608250863429,1,1,5949.91015625
2025-01-16,0.0,0.5201657340936628,1,1,5937.33984375
2025-01-17,0.0,0.5495944175171342,1,1,5996.66015625
2025-01-21,0.0,0.48834049373527244,1,1,6049.240234375
2025-01-22,0.0,0.516554783967589,1,1,6086.3701171875
2025-01-23,0.0,0.6667862994332004,1,1,6118.7099609375
2025-01-24,0.0,0.6707161044476987,1,1,6101.240234375
2025-01-27,0.0,0.7748010597910789,1,1,6012.27978515625
2025-01-28,0.0,0.7088511464343891,1,1,6067.7001953125
2025-01-29,0.0,0.7291343503690197,1,1,6039.31005859375
2025-01-30,0.0,0.7330825308082436,1,1,6071.169921875
2025-01-31,0.0,0.5780260203054208,1,1,6040.52978515625
2025-02-03,0.0,0.6353143281364828,1,1,5994.56982421875
2025-02-04,0.0,0.7080298681763659,1,1,6037.8798828125
2025-02-05,0.0,0.6484229830791526,1,1,6061.47998046875
2025-02-06,0.0,0.6421055276787662,1,1,6083.56982421875
2025-02-07,0.0,0.5989596001283876,1,1,6025.990234375
2025-02-10,1.0,0.6654143634378045,1,1,6066.43994140625
2025-02-11,1.0,0.6772819477400029,1,1,6068.5
2025-02-12,1.0,0.6628637023233412,1,1,6051.97021484375
2025-02-13,1.0,0.6494141424815153,1,1,6115.06982421875
2025-02-14,1.0,0.6551642265346427,1,1,6114.6298828125
2025-02-18,1.0,0.6266366990909475,1,1,6129.580078125
2025-02-19,1.0,0.6217538715531606,1,1,6144.14990234375
2025-02-20,1.0,0.6292053949303535,1,1,6117.52001953125
2025-02-21,0.0,0.6013568355969087,1,1,6013.1298828125
2025-02-24,0.0,0.6202792642231486,1,1,5983.25
2025-02-25,0.0,0.5782919490608531,1,1,5955.25
2025-02-26,0.0,0.571742662909323,1,1,5956.06005859375
2025-02-27,0.0,0.5502750625401871,1,1,5861.56982421875
2025-02-28,0.0,0.5612546762129393,1,1,5954.5
2025-03-03,0.0,0.5138443554659787,1,1,5849.72021484375
2025-03-04,0.0,0.518983015667873,1,1,5778.14990234375
2025-03-05,0.0,0.52634140992215,1,1,5842.6298828125
2025-03-06,1.0,0.5111384256502955,1,1,5738.52001953125
2025-03-07,1.0,0.5153122896381488,1,1,5770.2001953125
2025-03-10,1.0,0.5901665217087686,1,1,5614.56005859375
2025-03-11,1.0,0.744454113186027,1,1,5572.06982421875
2025-03-12,1.0,0.7342205300438311,1,1,5599.2998046875
2025-03-13,1.0,0.7797435139244584,1,1,5521.52001953125
2025-03-14,1.0,0.6271742763440347,1,1,5638.93994140625
2025-03-17,1.0,0.4846578719886483,1,1,5675.1201171875
2025-03-18,1.0,0.5779921657561908,1,1,5614.66015625
2025-03-19,1.0,0.5169154814423216,1,1,5675.2900390625
2025-03-20,1.0,0.45564471126991046,1,1,5662.89013671875
2025-03-21,1.0,0.6514761525897582,1,1,5667.56005859375
2025-03-24,1.0,0.4166162162365703,1,1,5767.56982421875
2025-03-25,1.0,0.36335779695883547,1,1,5776.64990234375
2025-03-26,1.0,0.5134122612498325,1,1,5712.2001953125
2025-03-27,1.0,0.598052859512104,1,1,5693.31005859375
2025-03-28,1.0,0.7298997130880276,1,1,5580.93994140625
2025-03-31,1.0,0.7400348736581382,1,1,5611.85009765625
2025-04-01,1.0,0.2917055406050566,1,1,5633.06982421875
2025-04-02,0.0,0.28556354801004147,1,1,5670.97021484375
2025-04-03,0.0,0.3145262255537073,1,1,5396.52001953125
2025-04-04,0.0,0.3208242232230461,1,1,5074.080078125
2025-04-07,0.0,0.32068276339136054,1,1,5062.25
2025-04-08,0.0,0.3205766983189799,1,1,4982.77001953125
2025-04-09,0.0,0.31722255599155486,1,1,5456.89990234375
2025-04-10,0.0,0.31815928635519397,1,1,5268.0498046875
2025-04-11,0.0,0.30651118605003635,1,1,5363.35986328125
2025-04-14,0.0,0.2941009036859977,1,1,5405.97021484375
2025-04-15,0.0,0.29392955030010076,1,1,5396.6298828125
2025-04-16,0.0,0.2954531004428561,1,1,5275.7001953125
2025-04-17,0.0,0.26420003775023804,1,1,5282.7001953125
2025-04-21,0.0,0.2806923991142316,1,1,5158.2001953125
2025-04-22,0.0,0.2766821572079883,1,1,5287.759765625
2025-04-23,0.0,0.2540930987913653,1,1,5375.85986328125
2025-04-24,0.0,0.26210209652639005,1,1,5484.77001953125
2025-04-25,0.0,0.2605140189227938,1,1,5525.2099609375
2025-04-28,0.0,0.23753379642884714,1,1,5528.75
2025-04-29,0.0,0.24009851318632602,1,1,5560.830078125
2025-04-30,0.0,0.6476216383878755,1,1,5569.06005859375
2025-05-01,0.0,0.5410199297599523,1,1,5604.14013671875
2025-05-02,0.0,0.537770423003535,1,1,5686.669921875
2025-05-05,0.0,0.39996682138287243,1,1,5650.3798828125
2025-05-06,0.0,0.5776188777798987,1,1,5606.91015625
2025-05-07,0.0,0.49185919606040346,1,1,5631.27978515625
2025-05-08,0.0,0.43430702052981185,1,1,5663.93994140625
2025-05-09,0.0,0.33639045685900965,1,1,5659.91015625
2025-05-12,0.0,0.29408724969424294,1,1,5844.18994140625
2025-05-13,0.0,0.2782150817238235,1,1,5886.5498046875
2025-05-14,0.0,0.2988916842358848,1,1,5892.580078125
2025-05-15,0.0,0.30507142096150586,1,1,5916.93017578125
2025-05-16,0.0,0.2888419950833195,1,1,5958.3798828125
2025-05-19,0.0,0.2873218405797629,1,1,5963.60009765625
2025-05-20,0.0,0.3662323979566008,1,1,5940.4599609375
2025-05-21,0.0,0.5750647708094025,1,1,5844.60986328125
2025-05-22,0.0,0.5721017136047309,1,1,5842.009765625
2025-05-23,0.0,0.5473027190429922,1,1,5802.81982421875
2025-05-27,0.0,0.5104128710213067,1,1,5921.5400390625
2025-05-28,0.0,0.47663205845116813,1,1,5888.5498046875
2025-05-29,0.0,0.42486689446434645,1,1,5912.169921875
2025-05-30,0.0,0.3041734500472689,1,1,5911.68994140625
2025-06-02,0.0,0.2876669941099026,1,1,5935.93994140625
2025-06-03,0.0,0.2743036316308406,1,1,5970.3701171875
2025-06-04,0.0,0.2662545507044273,1,1,5970.81005859375
2025-06-05,0.0,0.27207382956765286,1,1,5939.2998046875
2025-06-06,0.0,0.24334052957433686,1,1,6000.35986328125
2025-06-09,0.0,0.2457815732005268,1,1,6005.8798828125
2025-06-10,0.0,0.24170033786998235,1,1,6038.81005859375
2025-06-11,0.0,0.26117827750574285,1,1,6022.240234375
2025-06-12,0.0,0.2570694695327021,1,1,6045.259765625
2025-06-13,0.0,0.291381777573122,1,1,5976.97021484375
2025-06-16,0.0,0.26483094802809365,1,1,6033.10986328125
2025-06-17,0.0,0.296087112817937,1,1,5982.72021484375
2025-06-18,0.0,0.28806051887185824,1,1,5980.8701171875
2025-06-20,0.0,0.2920384925439206,1,1,5967.83984375
2025-06-23,0.0,0.2848134250657196,1,1,6025.169921875
2025-06-24,0.0,0.2726380868153573,1,1,6092.18017578125
2025-06-25,0.0,0.30046755665625235,1,1,6092.16015625
2025-06-26,0.0,0.30228066982664503,1,1,6141.02001953125
2025-06-27,0.0,0.2895194150113277,1,1,6173.06982421875
2025-06-30,0.0,0.29463755595877356,1,1,6204.9501953125
2025-07-01,0.0,0.29095187317380405,1,1,6198.009765625
2025-07-02,0.0,0.2939474451173006,1,1,6227.419921875
2025-07-03,0.0,0.2600576964993357,1,1,6279.35009765625
2025-07-07,0.0,0.39107224991147965,1,1,6229.97998046875
2025-07-08,0.0,0.39585550191794194,1,1,6225.52001953125
2025-07-09,0.0,0.3902702527921885,1,1,6263.259765625
2025-07-10,0.0,0.3864162074210319,1,1,6280.4599609375
2025-07-11,0.0,0.3927454787934441,1,1,6259.75
2025-07-14,0.0,0.40426548143281105,1,1,6268.56005859375
2025-07-15,0.0,0.415561723361374,1,1,6243.759765625
2025-07-16,0.0,0.3920574666750603,1,1,6263.7001953125
2025-07-17,0.0,0.382978918421274,1,1,6297.35986328125
2025-07-18,0.0,0.388397764773039,1,1,6296.7900390625
2025-07-21,0.0,0.3815837838015798,1,1,6305.60009765625
2025-07-22,0.0,0.36882995473221825,1,1,6309.6201171875
2025-07-23,0.0,0.40526232515673044,1,1,6358.91015625
2025-07-24,0.0,0.422991303504878,1,1,6363.35009765625
2025-07-25,0.0,0.4369797316717392,1,1,6388.64013671875
2025-07-28,0.0,0.4532687288030818,1,1,6389.77001953125
2025-07-29,0.0,0.6773585621083911,1,1,6370.85986328125
2025-07-30,0.0,0.6120393749397288,1,1,6362.89990234375
2025-07-31,0.0,0.5910312947411215,1,1,6339.39013671875
2025-08-01,0.0,0.7035955389852828,1,1,6238.009765625
2025-08-04,0.0,0.6451919079804576,1,1,6329.93994140625
2025-08-05,0.0,0.6877004726787126,1,1,6299.18994140625
2025-08-06,0.0,0.5761801240583121,1,1,6345.06005859375
2025-08-07,0.0,0.5832760808243999,1,1,6340.0
2025-08-08,0.0,0.5004166617893985,1,1,6389.4501953125
2025-08-11,0.0,0.626773961645805,1,1,6373.4501953125
2025-08-12,0.0,0.5153183311983429,1,1,6445.759765625
2025-08-13,0.0,0.554771447944858,1,1,6466.580078125
2025-08-14,0.0,0.5739423567719676,1,1,6468.5400390625
2025-08-15,0.0,0.5837906105560486,1,1,6449.7998046875
2025-08-18,0.0,0.6214767543002145,1,1,6449.14990234375
2025-08-19,0.0,0.6324496362190075,1,1,6411.3701171875
2025-08-20,0.0,0.6165447883788672,1,1,6395.77978515625
2025-08-21,0.0,0.6086370037407716,1,1,6370.169921875
2025-08-22,0.0,0.5680181404631363,1,1,6466.91015625
2025-08-25,0.0,0.5518099238326126,1,1,6439.31982421875
2025-08-26,0.0,0.5066807654565587,1,1,6465.93994140625
2025-08-27,0.0,0.584182718113682,1,1,6481.39990234375
2025-08-28,0.0,0.6193222664171154,1,1,6501.85986328125
2025-08-29,0.0,0.6629593408393843,1,1,6460.259765625
2025-09-02,0.0,0.715943646652777,1,1,6415.5400390625
2025-09-03,0.0,0.6673593467548358,1,1,6448.259765625
2025-09-04,0.0,0.6575436748989227,1,1,6502.080078125
2025-09-05,0.0,0.6574140776520361,1,1,6481.5
2025-09-08,0.0,0.5948536560291563,1,1,6495.14990234375
2025-09-09,0.0,0.5962418197119912,1,1,6512.60986328125
2025-09-10,0.0,0.7789777570044243,1,1,6532.0400390625
2025-09-11,0.0,0.8123956764578841,1,1,6587.47021484375
2025-09-12,0.0,0.8052813295024739,1,1,6584.2900390625
2025-09-15,0.0,0.7879078063176319,1,1,6615.27978515625
2025-09-16,0.0,0.7302203882586118,1,1,6606.759765625
2025-09-17,0.0,0.6071990734031685,1,1,6600.35009765625
2025-09-18,0.0,0.6391054249218561,1,1,6631.9599609375
2025-09-19,0.0,0.6583506139287356,1,1,6664.35986328125
2025-09-22,0.0,0.7511890072439269,1,1,6693.75
2025-09-23,0.0,0.7658107043943729,1,1,6656.919921875
2025-09-24,0.0,0.7767106166514599,1,1,6637.97021484375
2025-09-25,0.0,0.737385864031992,1,1,6604.72021484375
2025-09-26,0.0,0.7309274589401002,1,1,6643.7001953125
2025-09-29,0.0,0.8856373262706942,1,1,6661.2099609375
2025-09-30,0.0,0.7547589066109015,1,1,6688.4599609375
2025-10-01,0.0,0.6185779168662602,1,1,6711.2001953125
2025-10-02,0.0,0.5564015043771323,1,1,6715.35009765625
2025-10-03,0.0,0.5529884755519583,1,1,6715.7900390625
2025-10-06,0.0,0.5781341736797043,1,1,6740.27978515625
2025-10-07,0.0,0.6066701023683967,1,1,6714.58984375
2025-10-08,0.0,0.6298437653864005,1,1,6753.72021484375
2025-10-09,0.0,0.549347735999254,1,1,6735.10986328125
2025-10-10,0.0,0.7436858006339488,1,1,6552.509765625
2025-10-13,0.0,0.7959851378669063,1,1,6654.72021484375
2025-10-14,0.0,0.6255463342174313,1,1,6644.31005859375
2025-10-15,0.0,0.5952989139712581,1,1,6671.06005859375
2025-10-16,0.0,0.587946418451047,1,1,6629.06982421875
2025-10-17,0.0,0.5838586358014695,1,1,6664.009765625
2025-10-20,0.0,0.57998402858053,1,1,6735.1298828125
2025-10-21,0.0,0.7329682181568041,1,1,6735.35009765625
2025-10-22,0.0,0.8414629091463395,1,1,6699.39990234375
2025-10-23,0.0,0.5285709428259546,1,1,6738.43994140625
2025-10-24,0.0,0.49073559487029583,1,1,6791.68994140625
2025-10-27,0.0,0.6109576752726462,1,1,6875.16015625
2025-10-28,0.0,0.6807320204865679,1,1,6890.89013671875
2025-10-29,0.0,0.674356072166892,1,1,6890.58984375
2025-10-30,0.0,0.7376750184889643,1,1,6822.33984375
2025-10-31,0.0,0.8363946487150534,1,1,6840.2001953125
2025-11-03,0.0,0.8095037692641684,1,1,6851.97021484375
2025-11-04,0.0,0.8409855806962926,1,1,6771.5498046875
2025-11-05,0.0,0.7140446899726258,1,1,6796.2900390625
2025-11-06,0.0,0.6778189466826883,1,1,6720.31982421875
2025-11-07,0.0,0.6864262746348351,1,1,6728.7998046875
2025-11-10,0.0,0.6553829515851276,1,1,6832.43017578125
